Diputado,sexo,nacimiento2,edad,estadocivil,religion,Distrito (id),Fuerza,Distrito(nombre),Inicia mandato,Finaliza mandato,Bloque,Twitter,JuroPor,JuramentoEspecial,PosicionFrenteAlAborto,Fuente,Comentarios,,,
"Abdala De Matarazzo, Norma Amanda",M,13/4/1948,70,Casada,Católica,86,otros,Santiago del Estero,10/12/2017,09/12/2021,FRENTE CIVICO POR SANTIAGO,,"Dios, la Patria y los Santos Evangelios",,En Contra,https://www.elliberal.com.ar/noticia/401744/mayoria-legisladores-santiaguenos-votara-contra-despenalizar-aborto,,,,
"Acerenza, Samanta Maria Celeste",M,28/2/1980,38,Divorciada,Atea,06,cambiemos,Buenos Aires,10/12/2015,09/12/2019,PRO,@samantaacerenza,La Patria,,A Favor,https://docs.google.com/spreadsheets/d/1mOiTT3JIdQPxVLTQ-a3OivQqE15oLvdWMv6I_DpMZak/edit?usp=sharing,http://www.parlamentario.com/noticia-107828.html,,PARA DEJAR COMENTARIO,
"Aicega, Juan",V,15/6/1963,54,Casado,Católica,06,cambiemos,Buenos Aires,10/12/2017,09/12/2021,PRO,@jaicega,"Dios, la Patria y los Santos Evangelios",,En Contra,http://infobrisas.com/nota.php?id=11485,,,CLICK + BOTON DERECHO ,
"Allende, Walberto Enrique",V,09/06/1955,62,No contesta,NO CONTESTA,70,pj,San Juan,10/12/2017,09/12/2021,TODOS JUNTOS POR SAN JUAN,,"Dios, la Patria y los Santos Evangelios",,En Contra,https://www.tiempodesanjuan.com/politica/2018/2/23/juan-unnime-diputados-nacionales-contra-aborto-207118.html,,,en donde quieras :),
"Alonso, Laura V.",M,26/4/1977,41,Casada,NO CONTESTA,06,fpv,Buenos Aires,10/12/2017,09/12/2021,FRENTE PARA LA VICTORIA - PJ,@lauValonso,La Patria,,A Favor,http://www.abortolegal.com.ar/proyecto-de-ley-presentado-por-la-campana/,http://www.parlamentario.com/noticia-107828.html,,,
"Alume Sbodio, Karim Augusto",V,31/3/1981,37,Casado,Católica,74,otros,San Luis,10/12/2017,09/12/2021,UNIDAD JUSTICIALISTA,,Dios y la Patria,,En Contra,https://www.clarin.com/politica/adolfo-rodriguez-saa-confirmo-iglesia-rechazo-despenalizacion-aborto_0_HyHgX_tKG.html,,,,
"Alvarez Rodriguez, Maria Cristina",M,28/12/1967,50,Divorciada,Católica,06,fpv,Buenos Aires,10/12/2015,09/12/2019,FRENTE PARA LA VICTORIA - PJ,@CrisAlvarezRod,"Dios, la Patria y los Santos Evangelios",,A Favor,https://www.lanacion.com.ar/2111850-la-legalizacion-del-aborto-altero-al-congreso-pero-todavia-no-reune-mayoria,,,,
"Amadeo, Eduardo Pablo",V,5/1/1947,71,Casado,Católica,06,cambiemos,Buenos Aires,10/12/2015,09/12/2019,PRO,@eduardoamadeo,"Dios, la Patria y los Santos Evangelios",,En Contra,https://www.lanacion.com.ar/2111850-la-legalizacion-del-aborto-altero-al-congreso-pero-todavia-no-reune-mayoria,,,,
"Ansaloni, Pablo Miguel",V,,,No contesta,Cristiana,06,cambiemos,Buenos Aires,10/12/2017,09/12/2021,PRO,@pabloansaloni,"Dios, la Patria y los Santos Evangelios",,En Contra,https://www.clarin.com/politica/aborto-diputados-oponen-llevan-leve-ventaja_0_ByjcR1MYM.html,,,,
"Arce, Mario Horacio",V,6/11/1975,42,Soltero,Católica,34,cambiemos,Formosa,10/12/2017,09/12/2021,UCR,@MarioArce_,Dios y la Patria,,En Contra,https://www.clarin.com/politica/aborto-diputados-oponen-llevan-leve-ventaja_0_ByjcR1MYM.html ,,,,
"Arroyo, Daniel Fernando",V,6/10/1966,51,Casado,Católica,06,pais,Buenos Aires,10/12/2017,09/12/2021,FEDERAL UNIDOS POR UNA NUEVA ARGENTINA,@LicDanielArroyo,"Dios, la Patria y los Santos Evangelios",,A Favor,http://www.letrap.com.ar/nota/2018-2-23-18-37-0--abortolegal-el-gobierno-juega-con-fuegos-artificiales-en-el-congreso,,,,
"Austin, Brenda Lis",M,11/10/1981,36,Soltera,Agnóstica,14,cambiemos,Córdoba,10/12/2017,09/12/2021,UCR,@brendalisaustin,la Constitución Nacional ,,A Favor,http://www.lavoz.com.ar/node/1149791,http://www.parlamentario.com/noticia-107828.html,,,
"Avila, Beatriz Luisa",M,,,No contesta,NO CONTESTA,90,cambiemos,Tucumán,10/12/2017,09/12/2021,PARTIDO POR LA JUSTICIA SOCIAL,@Beatriz_AvilaOK,"Dios, la Patria y los Santos Evangelios",,En Contra,https://www.youtube.com/watch?v=xcHit9MZ4aI,,,,
"Ayala, Aida Beatriz Maxima",M,28/6/1953,64,Divorciada,Católica,22,cambiemos,Chaco,10/12/2017,09/12/2021,UCR,@AidaAyala,"Dios, la Patria y los Santos Evangelios",,En Contra,https://www.google.com/url?q=http://www.diariochaco.com/noticia/aida-ayala-por-mi-formacion-digo-si-la-vida-no-al-aborto-pero-hay-que-debatir&sa=D&ust=1519528349146000&usg=AFQjCNHwTNp4HSPcH3Sq3JT7dFcexvRFAw,,,,
"Bahillo, Juan Jose",V,31/5/1966,52,Separado,Católica,30,pj,Entre Ríos,10/12/2017,09/12/2021,JUSTICIALISTA,@JuanjoBahillo,Dios y la Patria,,A Favor,http://www.paginapolitica.com/actualidad/legisladores-entrerrianos-adelantan-opinioacuten-sobre-la-despenalizacioacuten.htm,"“Uno escucha, aprende, va cambiando de opinión. Si no para qué ha vivido uno 40 años”",,,
"Bragagnolo, Sebastian",v,,,,,50,cambiemos,Mendoza,10/12/2015,09/12/2019,PRO,@seba_bra,"Dios, la Patria y los Santos Evangelios",,En Contra,http://www.unidiversidad.com.ar/bragagnolo-votara-en-contra-de-la-legalizacion-del-aborto?utm_campaign=Novedad&utm_term=68,Reemplaza a Balbo que renuncio,,,
"Baldassi, Hector",V,5/1/1966,52,Casado,Católica,14,cambiemos,Córdoba,10/12/2017,09/12/2021,PRO,@HectorBaldassi,"Dios, la Patria y los Santos Evangelios",,En Contra,https://www.yoquierosaber.org/es-ar/election/cordoba-diputados/questionary,"en campaña se abstuvo de dar postura pero dijo ""estamos en tiempos diferentes"" https://youtu.be/icRMmQ_Gung?t=142",,,
"Banfi, Karina",M,27/2/1972,46,Casada,Agnóstica,06,cambiemos,Buenos Aires,10/12/2015,09/12/2019,UCR,@KBanfi,la Constitución Nacional ,,A Favor,http://www.eleconomista.com.ar/2018-02-aborto-divide-aguas-oficialismo/,https://twitter.com/Laoncediez/status/966800224424546305,,,
"Basterra, Luis Eugenio",V,14/10/1958,59,Soltero,Agnóstica,34,fpv,Formosa,10/12/2015,09/12/2019,FRENTE PARA LA VICTORIA - PJ,@LEBasterra,La Patria,,A Favor,https://www.lanacion.com.ar/2111850-la-legalizacion-del-aborto-altero-al-congreso-pero-todavia-no-reune-mayoria,,,,
"Bazze, Miguel Angel",V,30/4/1955,63,Casado,Católica,06,cambiemos,Buenos Aires,10/12/2015,09/12/2019,UCR,@bazzemiguel,"Dios, la Patria y los Santos Evangelios",,A Favor,https://www.lanacion.com.ar/2111850-la-legalizacion-del-aborto-altero-al-congreso-pero-todavia-no-reune-mayoria,,,,
"Benedetti, Atilio Francisco Salvador",V,1/1/1955,63,Casado,Católica,30,cambiemos,Entre Ríos,10/12/2017,09/12/2021,UCR,@atiliobenedetti,Dios y la Patria,,No confirmado,lt14digital.com.ar/benedetti-tras-reunirse-con-macri-no-descarto-votar-a-favor-de-la-despenalizacion/ …,,,,
"Berisso, Hernan",V,9/2/1970,48,Casado,Católica,06,cambiemos,Buenos Aires,10/12/2017,09/12/2021,PRO,@hernanberisso,la Constitución Nacional ,,No confirmado,,,,,
"Bevilacqua, Gustavo",V,5/12/1962,55,Casado,Católica,06,pais,Buenos Aires,10/12/2015,09/12/2019,FEDERAL UNIDOS POR UNA NUEVA ARGENTINA,@GusBevilacqua,,,En Contra,http://www.portalunoargentina.com.ar/contenidosver.asp?id=27417&sid=137,,,,
"Bianchi, Ivana Maria",M,22/6/1965,52,Viuda,Católica,74,fpv,San Luis,10/12/2015,09/12/2019,UNIDAD JUSTICIALISTA,@ivana_bianchi,"Dios, la Patria y los Santos Evangelios",Por la provincia de San Luis y por mi nieto Juan Manuel,En Contra,http://www.portalunoargentina.com.ar/contenidosver.asp?id=27417&sid=137,https://twitter.com/LuceroAnalia/status/977975228906303488,,,
"Borsani, Luis Gustavo",V,31/10/1956,61,Casado,Católica,50,cambiemos,Mendoza,10/12/2015,09/12/2019,UCR,@LuisBorsani,"Dios, la Patria y los Santos Evangelios",,A Favor,http://www.unidiversidad.com.ar/borsani-acompanara-la-legalizacion-del-aborto?utm_campaign=Novedad&utm_term=68,,,,
"Bossio, Diego Luis",V,9/9/1979,38,Casado,Católica,06,pj,Buenos Aires,10/12/2015,09/12/2019,JUSTICIALISTA,@diegobossio,"Dios, la Patria y los Santos Evangelios",,En Contra,https://twitter.com/Continental590/status/975007067235864576?s=08,,,,
"Brambilla, Sofia",M,16/3/1980,38,Casada,Católica,18,cambiemos,Corrientes,10/12/2017,09/12/2021,PRO,@Sofiabrambilla,Dios y la Patria,,No confirmado,https://twitter.com/algopordecirok/status/973166753114152960?s=19,"Entrevista radial, aclara que no va a tomar posición hasta ver proyecto definitivo y estudiar el tema",,,
"Britez, Maria Cristina",M,3/5/1981,37,Soltera,Católica,54,fpv,Misiones,10/12/2015,09/12/2019,FRENTE PARA LA VICTORIA - PJ,@cbritezmisiones,"Dios, la Patria y los Santos Evangelios","Por el pueblo de Misiones, por Perón, por Néstor y por nuestra conductora Cristina",A Favor,http://www.lapoliticaonline.com/nota/111321/,,,,
"Brizuela Del Moral, Eduardo Segundo",V,20/8/1944,73,Casado,Católica,10,cambiemos,Catamarca,10/12/2017,09/12/2021,FRENTE CIVICO Y SOCIAL DE CATAMARCA,@brizuela_moral,"Dios, la Patria y los Santos Evangelios",,En Contra,https://www.catamarcactual.com.ar/politica/2015/9/24/candidatos-opinaron-sobre-aborto-97848.html,https://www.elancasti.com.ar/politica-economia/2015/9/25/corpacci-favor-discutir-protocolo-para-aborto-274169.html,,,
"Brügge, Juan Fernando",V,24/6/1962,55,Divorciado,Católica,14,pj,Córdoba,10/12/2015,09/12/2019,CORDOBA FEDERAL,@juanfbrugge,,,En Contra,https://twitter.com/juanfbrugge/status/960467282475520000,,,,
"Bucca, Eduardo",V,23/6/1979,38,Casado,Católica,06,pj,Buenos Aires,10/12/2017,09/12/2021,JUSTICIALISTA,@BuccaBali,,,A Favor,https://www.clarin.com/politica/aborto-diputados-oponen-llevan-leve-ventaja_0_ByjcR1MYM.html,,,,
"Buil, Sergio Omar",V,9/2/1965,53,Casado,Católica,06,cambiemos,Buenos Aires,10/12/2015,09/12/2019,PRO,@BuilSergio,"Dios, la Patria y los Santos Evangelios",,A Favor,https://twitter.com/BuilSergio/status/984528588748787714,,,,
"Burgos, Maria Gabriela",M,3/6/1971,47,Divorciada,Católica,38,cambiemos,Jujuy,10/12/2017,09/12/2021,UCR,@mabyburgos,"Dios, la Patria y los Santos Evangelios",,En Contra,http://www.jujuyalmomento.com/post/81519/aborto-legal-esto-votarian-los-diputados-jujenos.html,,,,
"Cabandie, Juan",V,20/3/1978,40,Soltero,NO CONTESTA,02,fpv,Ciudad Autónoma de Buenos Aires,10/12/2017,09/12/2021,FRENTE PARA LA VICTORIA - PJ,@juancabandie,La Patria,,A Favor,http://www.lapoliticaonline.com/nota/64352/,,,,
"Caceres, Eduardo Augusto",V,30/1/1975,43,Divorciado,Católica,70,cambiemos,San Juan,10/12/2017,09/12/2021,PRO,@educace,Dios y la Patria,,A Favor,http://www.diagonales.com/contenido/despenalizacin-del-aborto-conoc-qu-diputados-votaran-a-favor-en-contra-y-los-indecisos/7961,,,,
"Camaño, Graciela",M,25/4/1953,65,Casada,Católica,06,pais,Buenos Aires,10/12/2015,09/12/2019,FEDERAL UNIDOS POR UNA NUEVA ARGENTINA,@dipGCamanio,"Dios, la Patria y los Santos Evangelios",,En Contra,https://www.infobae.com/politica/2018/03/10/despenalizacion-del-aborto-si-se-votara-hoy-la-ley-no-seria-aprobada-en-diputados/,http://www.revistaanfibia.com/cronica/bebito-aborto-congreso/,,,
"Campagnoli, Marcela",M,11/11/1957,60,Casada,Católica,06,cambiemos,Buenos Aires,10/12/2017,09/12/2021,COALICION CIVICA,@m_campagnoli,"Dios, la Patria y los Santos Evangelios",,En Contra,https://twitter.com/delta903fm/status/965562048301228033,,,,
"Campos, Javier",V,27/6/1958,59,Divorciado,Católica,06,cambiemos,Buenos Aires,10/12/2017,09/12/2021,COALICION CIVICA,,Dios y la Patria,,No confirmado,,,,,
"Cano, Jose Manuel",V,15/7/1965,52,Casado,Católica,90,cambiemos,Tucumán,10/12/2017,09/12/2021,UCR,@JCanoOK,"Dios, la Patria y los Santos Evangelios",,En Contra,http://www.lagaceta.com.ar/nota/748753/lgtv/tres-candidatos-rechazan-legalizacion-aborto.html,,,,
"Cantard, Albor Angel",V,6/8/1961,56,Separado,Agnóstica,82,cambiemos,Santa Fe,10/12/2017,09/12/2021,UCR,@NikyCantard,la Constitución Nacional ,,A Favor,https://www.airedesantafe.com.ar/noticias-regionales-santa-fe/cantard-despenalizacion-aborto/,"No hay opiniones publicas de el sobre el tema. Fue Rector de una Universidad Publica, quizas eso juege a favor, aunque ahora lo contaria como en contra.",,,
"Carambia, Antonio Jose",V,28/1/1982,36,Casado,Cristiana,78,cambiemos,Santa Cruz,10/12/2017,09/12/2021,PRO,,"Dios, la Patria y los Santos Evangelios",,A Favor,https://www.clarin.com/politica/aborto-diputados-oponen-llevan-leve-ventaja_0_ByjcR1MYM.html ,,,,
"Carmona, Guillermo Ramon",V,26/6/1967,50,Casado,Católica,50,fpv,Mendoza,10/12/2015,09/12/2019,FRENTE PARA LA VICTORIA - PJ,@grcarmonac,Dios y la Patria,Por la unidad del movimiento nacional y popular y la unidad de la Patria grande,A Favor,http://www.parlamentario.com/noticia-107828.html,CAMBIO,,,
"Carol, Analuz Ailen",M,30/5/1984,34,Soltera,NO CONTESTA,94,fpv,Tierra del Fuego,10/12/2015,09/12/2019,FRENTE PARA LA VICTORIA - PJ,@AnaluzCarol,La Patria,"Por Perón y por Evita, por Néstor y Cristina",A Favor,https://scontent.fsst1-1.fna.fbcdn.net/v/t1.0-9/28468043_10213634879445046_444455231150049880_n.jpg?oh=4d19e7457a7d4b5733d66e79cacbd135&oe=5B453B27,"Recibió amenazas por su posicionamiento y su compañera, ""denunció"" via redes sociales.",,,
"Carrio, Elisa Maria Avelina",M,26/1/1957,61,Divorciada,Católica,02,cambiemos,Ciudad Autónoma de Buenos Aires,10/12/2017,09/12/2021,COALICION CIVICA,@elisacarrio,la Constitución Nacional ,,En Contra,https://www.lanacion.com.ar/2111850-la-legalizacion-del-aborto-altero-al-congreso-pero-todavia-no-reune-mayoria,,,,
"Carrizo, Ana Carla",M,6/8/1966,51,Casada,Atea,02,otros,Ciudad Autónoma de Buenos Aires,10/12/2017,09/12/2021,EVOLUCION RADICAL,@CarlaCarrizoAR,la Constitución Nacional ,,A Favor,https://www.infobae.com/politica/2018/02/23/el-debate-por-el-aborto-legal-un-congreso-dividido-entre-el-papa-y-el-reclamo-feminista/,,,,
"Carrizo, Maria Soledad",M,21/4/1977,41,Casada,Católica,14,cambiemos,Córdoba,10/12/2017,09/12/2021,UCR,@MSoleCarrizo,"Dios, la Patria y los Santos Evangelios",,En Contra,http://www.lavoz.com.ar/politica/el-no-al-aborto-es-mayoria-entre-congresistas-cordobeses,https://radiocut.fm/audiocut/abrir-el-debate-es-un-avance-estoy-en-contra-de-la-despenalizacion-del-aborto-msolecarrizo/,,,
"Carro, Pablo",V,29/3/1965,53,Soltero,Atea,14,fpv,Córdoba,10/12/2017,09/12/2021,FRENTE PARA LA VICTORIA - PJ,@PabloCarroOk,La Patria,,A Favor,https://youtu.be/icRMmQ_Gung?t=142,,,,
"Caselles, Graciela Maria",M,10/5/1966,52,Casada,Católica,70,otros,San Juan,10/12/2015,09/12/2019,PARTIDO BLOQUISTA DE SAN JUAN,@gcaselles,"Dios, la Patria y los Santos Evangelios",,En Contra,http://www.portalunoargentina.com.ar/contenidosver.asp?id=27417&sid=137,,,,
"Cassinerio, Paulo Leonardo",V,17/6/1979,38,Casado,Católica,14,pj,Córdoba,10/12/2017,09/12/2021,CORDOBA FEDERAL,@PauloCassinerio,"Dios, la Patria y los Santos Evangelios",,En Contra,http://www.lavoz.com.ar/politica/el-no-al-aborto-es-mayoria-entre-congresistas-cordobeses,,,,
"Castagneto, Carlos Daniel",V,11/1/1960,58,Casado,NO CONTESTA,06,fpv,Buenos Aires,10/12/2015,09/12/2019,FRENTE PARA LA VICTORIA - PJ,@CastagnetoC,"Dios, la Patria y los Santos Evangelios",,A Favor,http://www.parlamentario.com/noticia-107828.html,CAMBIO,,,https://twitter.com/CastagnetoC/status/572830836141248512
"Castro, Sandra Daniela",M,13/1/1985,33,Soltera,Católica,70,pj,San Juan,10/12/2017,09/12/2021,FRENTE PARA LA VICTORIA - PJ,@Daniela24450862,La Patria,,En Contra,https://www.tiempodesanjuan.com/politica/2018/2/23/juan-unnime-diputados-nacionales-contra-aborto-207118.html,,,,
"Cerruti, Gabriela",M,9/12/1965,52,Divorciada,Atea,02,fpv,Ciudad Autónoma de Buenos Aires,10/12/2017,09/12/2021,FRENTE PARA LA VICTORIA - PJ,@gabicerru,la Constitución Nacional ,,A Favor,https://www.facebook.com/GabrielaCerruti/posts/10154612374290055,,,,
"Ciampini, Jose Alberto",V,11/7/1953,64,Casado,Católica,58,fpv,Neuquén,10/12/2015,09/12/2019,FRENTE PARA LA VICTORIA - PJ,@DipCiampini,La Patria,,A Favor,https://docs.google.com/spreadsheets/d/1mOiTT3JIdQPxVLTQ-a3OivQqE15oLvdWMv6I_DpMZak/edit?usp=sharing,,,,
"Cleri, Marcos",V,1/12/1982,35,Soltero,Cristiana,82,fpv,Santa Fe,10/12/2015,09/12/2019,FRENTE PARA LA VICTORIA - PJ,@marcoscleri,Dios y la Patria,"Por el pueblo de la provincia de Santa Fe; por mis compañeros, que siempre son mejores que yo; por los empoderados y héroes anónimos que militaron por la liberación nacional, por Néstor, por Cristina, por Perón y Evita",A Favor,https://www.pagina12.com.ar/99297-apoyos-y-condenas,Según trascendidos votaría a favor,,,
"Contigiani, Luis Gustavo",V,21/1/1972,46,Casado,Cristiana,82,otros,Santa Fe,10/12/2017,09/12/2021,PARTIDO SOCIALISTA,@LuisContigiani,"Dios, la Patria y los Santos Evangelios",,En Contra,http://avellaneda24.com/luis-contigiani-estoy-en-contra-del-aborto,,,,
"Correa, Walter",V,,,No contesta,NO CONTESTA,06,fpv,Buenos Aires,10/12/2017,09/12/2021,FRENTE PARA LA VICTORIA - PJ,@waltercorreasoc,"Dios, la Patria y los Santos Evangelios",,A Favor,http://www.parlamentario.com/noticia-107828.html,,,,
"Cresto, Mayda",M,6/2/1972,46,Divorciada,Católica,30,pj,Entre Ríos,10/12/2017,09/12/2021,JUSTICIALISTA,@MaydaCresto,"Dios, la Patria y los Santos Evangelios",,En Contra,http://www.analisisdigital.com.ar/noticias.php?ed=1&di=0&no=262264,,,,
"David, Nestor Javier",V,16/10/1972,45,Casado,Católica,66,pj,Salta,10/12/2015,09/12/2019,JUSTICIALISTA,@javierdavid72,,,En Contra,https://www.lagacetasalta.com.ar/nota/99895/actualidad/debate-aborto-especulacion-gobierno-o-respuesta-demanda-social-genuina.html,en esta nota lo posicionan en contra pero no hay fuentes:,,,
"De Mendiguren, Jose Ignacio",V,23/8/1950,67,Casado,Católica,06,pais,Buenos Aires,10/12/2017,09/12/2021,FEDERAL UNIDOS POR UNA NUEVA ARGENTINA,@dmvasco,"Dios, la Patria y los Santos Evangelios",,En Contra,http://radiocaput.com/2018/03/01/para-de-mendiguren-el-principal-problema-de-macri-es-la-falta-de-realismo/,,,,
"De Pedro, Eduardo Enrique",V,11/11/1976,41,Casado,Católica,06,fpv,Buenos Aires,10/12/2015,09/12/2019,FRENTE PARA LA VICTORIA - PJ,@wadodecorrido,Dios y la Patria,,A Favor,http://www.parlamentario.com/noticia-107828.html,,,,
"De Ponti, Lucila Maria",M,9/3/1985,33,Soltera,Católica,82,pj,Santa Fe,10/12/2015,09/12/2019,PERONISMO PARA LA VICTORIA,@ludeponti,Dios y la Patria,"Por el pueblo argentino, por los 30 mil desaparecidos y todos los que dieron su vida en la lucha por la liberación nacional",A Favor,http://www.lanacion.com.ar/2111850-la-legalizacion-del-aborto-altero-al-congreso-pero-todavia-no-reune-mayoria,,,,
"De Vido, Julio",V,26/12/1949,68,Casado,NO CONTESTA,06,fpv,Buenos Aires,10/12/2015,09/12/2019,FRENTE PARA LA VICTORIA - PJ,@JulioDeVido,"Dios, la Patria y los Santos Evangelios",,Se Abstiene,"si llega a estar presente, vota a favor",NO VOTA,,,
"Del Caño, Nicolas",V,6/2/1980,38,Soltero,Atea,06,izq,Buenos Aires,10/12/2017,09/12/2021,PTS - FRENTE DE IZQUIERDA,@NicolasdelCano,la Constitución Nacional ,"Por memoria, verdad y justicia para Santiago Maldonado y Rafael Nahuel, por nuestros jubilados, a los que quieren seguir empobreciendo, por las mujeres que luchan por las conquistas de sus derechos, por la clase trabajadora y los pueblos oprimidos del mundo",A Favor,https://www.lanacion.com.ar/2111850-la-legalizacion-del-aborto-altero-al-congreso-pero-todavia-no-reune-mayoria,,,,
"Del Cerro, Gonzalo Pedro Antonio",V,29/6/1943,74,Divorciado,Atea,82,cambiemos,Santa Fe,10/12/2017,09/12/2021,UCR,@gondelcerro,La Patria,,A Favor,http://www.parlamentario.com/noticia-107828.html,,,,
"Del Pla, Romina",M,2/4/1972,46,Soltera,Atea,06,izq,Buenos Aires,10/12/2017,09/12/2021,FRENTE DE IZQUIERDA Y DE LOS TRABAJADORES,@RominaDelPla,la Constitución Nacional ,"Por la educación pública nacional y en defensa de los docentes, por justicia para Carlos Fuentealba, Santiago y Rafael, por los derechos de los trabajadores y los jubilados, a los que quieren atropellar, por el gobierno de los trabajadores y el socialismo aquí y en todo el mundo",A Favor,https://www.infobae.com/politica/2018/02/23/el-debate-por-el-aborto-legal-un-congreso-dividido-entre-el-papa-y-el-reclamo-feminista/,,,,
"Delu, Melina Aida",M,,,No contesta,NO CONTESTA,42,pj,La Pampa,10/12/2017,09/12/2021,JUSTICIALISTA,@MelinaDelu,Dios y la Patria,,No confirmado,http://www.eldiariodelapampa.com.ar/index.php/111-portada/principal/40565-el-aborto-interpela-a-legisladores-y-agita-las-redes-sociales,,,,
"Derna, Veronica",M,6/10/1974,43,Soltera,Católica,54,pj,Misiones,10/12/2015,09/12/2019,FRENTE DE LA CONCORDIA MISIONERO,@veroderna,,,No confirmado,https://www.clarin.com/politica/aborto-diputados-oponen-llevan-leve-ventaja_0_ByjcR1MYM.html,,,,
"Di Stefano, Daniel",V,20/11/1987,30,Soltero,Católica,54,pj,Misiones,10/12/2015,09/12/2019,FRENTE DE LA CONCORDIA MISIONERO,@DistefanoDaniel,"Dios, la Patria y los Santos Evangelios","Por la provincia de Misiones, por Andresito, por Néstor y Cristina",A Favor,https://twitter.com/DistefanoDaniel/status/251531467568590848,,,,
"Dindart, Julian",V,22/7/1961,56,No contesta,NO CONTESTA,18,cambiemos,Corrientes,10/12/2015,09/12/2019,UCR,,"Dios, la Patria y los Santos Evangelios",,En Contra,https://www.pagina12.com.ar/diario/elpais/1-296754-2016-04-12.html,,,,
"Doñate, Claudio Martin",V,17/9/1977,40,Casada,Cristiana,62,otros,Río Negro,10/12/2015,09/12/2019,FRENTE PARA LA VICTORIA - PJ,@martindonate,Dios y la Patria,"Por mis compañeros de militancia, por mi amada provincia de Río Negro, por la presidenta coraje Cristina y por la memoria y las convicciones de Néstor Kirchner",A Favor,http://www.rionegro.com.ar/argentina/el-aborto-legal-divide-opiniones-entre-los-diputados-de-la-region-MA4417691,,,,
"Donda Perez, Victoria Analia",M,10/12/1975,42,Casado,Católica,02,fpv,Ciudad Autónoma de Buenos Aires,10/12/2015,09/12/2019,LIBRES DEL SUR,@vikidonda,La Patria,"Por María Hilda Pérez, mi mamá; por José María Donda, mi papá; y mis compañeros y compañeras de Barrios de Pie, Libres del Sur y progresistas",A Favor,https://twitter.com/CECILIAMOREAU/status/968633839542243328,Es una de las que presenta el proyecto,,,
"Echegaray, Alejandro Carlos Augusto",V,16/2/1965,53,Casado,Católica,06,cambiemos,Buenos Aires,10/12/2015,09/12/2019,UCR,@alechegarayUCR,Dios y la Patria,,A Favor,http://www.parlamentario.com/noticia-107486.html,,,,
"Enriquez, Jorge Ricardo",V,3/10/1947,70,Casado,Católica,02,cambiemos,Ciudad Autónoma de Buenos Aires,10/12/2017,09/12/2021,PRO,@enriquezjorge,,,En Contra,https://jorgerenriquez.wordpress.com/2008/03/21/el-aborto-es-lisa-y-llanamente-un-homicidio/,,,,
"Espinoza, Fernando",V,30/12/1968,49,Casado,NO CONTESTA,06,fpv,Buenos Aires,10/12/2017,09/12/2021,FRENTE PARA LA VICTORIA - PJ,@FerEspinozaOK,"Dios, la Patria y los Santos Evangelios",,En Contra,http://www.diagonales.com/contenido/despenalizacin-del-aborto-conoc-qu-diputados-votaran-a-favor-en-contra-y-los-indecisos/7961,,,,
"Estevez, Gabriela Beatriz",M,2/11/1978,39,Casada,Atea,14,fpv,Córdoba,10/12/2015,09/12/2019,FRENTE PARA LA VICTORIA - PJ,@gabiestevezok,La Patria,"Por amor a mi pueblo, por Perón, por Evita, por Néstor, por Cristina y todos mis compañeros",A Favor,http://www.lavoz.com.ar/ciudadanos/aborto-el-proyecto-de-legalizacion-unio-todo-el-arco-politico,,,,
"Felix, Omar Chafi",V,30/6/1960,57,Casado,Católica,50,pj,Mendoza,10/12/2017,09/12/2021,SOMOS MENDOZA,,"Dios, la Patria y los Santos Evangelios",,En Contra,https://losandes.com.ar/article/view?slug=la-mitad-de-los-diputados-mendocinos-dice-que-votara-en-contra-del-aborto-legal,,,,
"Fernandez Langan, Ezequiel",V,14/3/1959,59,Casado,Católica,06,cambiemos,Buenos Aires,10/12/2017,09/12/2021,PRO,@eflangan,"Dios, la Patria y los Santos Evangelios",,No confirmado,,,,,
"Fernandez Patri, Gustavo Ramiro",V,20/7/1978,39,Casado,Católica,34,pj,Formosa,10/12/2017,09/12/2021,FRENTE PARA LA VICTORIA - PJ,,"Dios, la Patria y los Santos Evangelios",,No confirmado,,,,,
"Fernandez, Carlos Alberto",V,9/12/1974,43,Casado,Católica,06,cambiemos,Buenos Aires,10/12/2017,09/12/2021,UCR,@CFernandezUCR,"Dios, la Patria y los Santos Evangelios",,A Favor,https://twitter.com/andresmalamud/status/968828778725171200,,,,
"Ferreyra, Araceli",M,10/7/1966,51,Separada,Atea,18,pj,Corrientes,10/12/2015,09/12/2019,PERONISMO PARA LA VICTORIA,@aracelidiputada,La Patria,"Por Rosa Guarú, la madre biológica del general San Martín, por Artigas y Andresito Guazurarí, y por Néstor y los treinta mil",A Favor,http://www.abortolegal.com.ar/proyecto-de-ley-presentado-por-la-campana/,,,,
"Filmus, Daniel",V,3/6/1955,63,Casado,Judía,02,fpv,Ciudad Autónoma de Buenos Aires,10/12/2017,09/12/2021,FRENTE PARA LA VICTORIA - PJ,@FilmusDaniel,Dios y la Patria,,A Favor,https://losandes.com.ar/article/view?slug=la-mitad-de-los-diputados-mendocinos-dice-que-votara-en-contra-del-aborto-legal,,,,
"Flores, Danilo Adrian",V,8/12/1953,64,No contesta,NO CONTESTA,46,cambiemos,La Rioja,10/12/2017,09/12/2021,JUSTICIALISTA,@DaniloAFlores,"Dios, la Patria y los Santos Evangelios",,En Contra,http://www.riojalibre.com.ar/politica/90099-los-7-legisladores-riojanos-votarian-en-contra-del-proyecto/,,,,
"Flores, Hector",V,9/10/1970,47,Casado,Católica,06,pj,Buenos Aires,10/12/2017,09/12/2021,COALICION CIVICA,@totyflores,"Dios, la Patria y los Santos Evangelios",,En Contra,http://www.telam.com.ar/multimedia/audios/32721-toty-flores-se-manifesto-en-contra-del-aborto-y-a-favor-de-la-vida/,,,,
"Frana, Silvina Patricia",M,15/9/1962,55,Casada,Católica,82,fpv,Santa Fe,10/12/2015,09/12/2019,FRENTE PARA LA VICTORIA - PJ,@silvinafrana,"Dios, la Patria y los Santos Evangelios","Por la defensa inclaudicable de la soberanía política de la patria grande, la independencia económica y la justicia social",En Contra,http://www.portalunoargentina.com.ar/contenidosver.asp?id=27417&sid=137,,,,
"Franco, Jorge Daniel",V,16/10/1960,57,Casado,Católica,54,pj,Misiones,10/12/2015,09/12/2019,FRENTE DE LA CONCORDIA MISIONERO,@jorgefrancomnes,"Dios, la Patria y los Santos Evangelios",,A Favor,http://observatoriodelasalud.blogspot.com.ar/2016/11/la-reunion-en-diputados-para.html,,,,
"Fregonese, Alicia",M,9/1/1961,57,Casada,Católica,30,cambiemos,Entre Ríos,10/12/2017,09/12/2021,PRO,@aliciafregonese,"Dios, la Patria y los Santos Evangelios",,En Contra,http://www.diagonales.com/contenido/despenalizacin-del-aborto-conoc-qu-diputados-votaran-a-favor-en-contra-y-los-indecisos/7961,,,,
"Frizza, Gabriel Alberto",V,26/2/1968,50,Casado,Católica,14,cambiemos,Córdoba,10/12/2017,09/12/2021,PRO,@gabrielfrizza,"Dios, la Patria y los Santos Evangelios",,En Contra,http://www.lavoz.com.ar/politica/el-no-al-aborto-es-mayoria-entre-congresistas-cordobeses,,,,
"Furlan, Francisco Abel",V,11/2/1960,58,Casado,NO CONTESTA,06,fpv,Buenos Aires,10/12/2015,09/12/2019,FRENTE PARA LA VICTORIA - PJ,@FAbelFurlan,"Dios, la Patria y los Santos Evangelios",,No confirmado,,,,,
"Garcia, Alejandro",V,13/8/1967,50,Soltero,Católica,02,cambiemos,Ciudad Autónoma de Buenos Aires,10/12/2017,09/12/2021,PRO,@alejandrojg,la Constitución Nacional ,,En Contra,http://www.diagonales.com/contenido/despenalizacin-del-aborto-conoc-qu-diputados-votaran-a-favor-en-contra-y-los-indecisos/7961,,,,
"Garre, Nilda Celia",M,11/3/1945,73,Divorciada,Atea,02,fpv,Ciudad Autónoma de Buenos Aires,10/12/2015,09/12/2019,FRENTE PARA LA VICTORIA - PJ,@nilda_garre,La Patria,,A Favor,https://twitter.com/nilda_garre/status/765980090157174784,,,,
"Garreton, Facundo",V,13/1/1974,44,Casado,Atea,90,cambiemos,Tucumán,10/12/2015,09/12/2019,PRO,@facundogarreton,la Constitución Nacional ,Por Tucumán y por la unidad de todos los argentinos,No confirmado,https://propuestas.facundogarreton.com/topic/5b048c178d2af4321e30185d,,,,
"Gayol, Yanina Celeste",M,7/12/1983,34,En convivencia,NO CONTESTA,30,cambiemos,Entre Ríos,10/12/2015,09/12/2019,PRO,@YaninaGayol,Dios y la Patria,,A Favor,A favor. Firmante de proyecto en diputados (expediente 0443-D-2018),,,,
"Ginocchio, Silvana Micaela",M,10/10/1965,52,Casada,Católica,10,pj,Catamarca,10/12/2017,09/12/2021,ELIJO CATAMARCA,,"Dios, la Patria y los Santos Evangelios",,En Contra,https://www.clarin.com/politica/aborto-diputados-oponen-llevan-leve-ventaja_0_ByjcR1MYM.html,,,,
"Gioja, Jose Luis",V,12/4/1949,69,Casado,Católica,70,fpv,San Juan,10/12/2015,09/12/2019,FRENTE PARA LA VICTORIA - PJ,@joseluisgioja,"Dios, la Patria y los Santos Evangelios",,En Contra,https://www.lanacion.com.ar/2111850-la-legalizacion-del-aborto-altero-al-congreso-pero-todavia-no-reune-mayoria,,,,
"Goicoechea, Horacio",V,7/5/1965,53,Divorciado,Católica,22,cambiemos,Chaco,10/12/2015,09/12/2019,UCR,@GHGoicoechea,"Dios, la Patria y los Santos Evangelios",,En Contra,http://libertaddigital.com.ar/Notas/Nota/1416528031-horacio-goicoechea-vamos-a-dar-el-debate-aunque-la-postura-sea-contraria-al-aborto#.WpP9qsRySrA.twitter,,,,
"Gonzalez Seligra, Nathalia Ines",M,10/12/1958,59,Casado,Católica,06,izq,Buenos Aires,10/12/2015,09/12/2019,PTS - FRENTE DE IZQUIERDA,@NathiGonzalezS,la Constitución Nacional ,"por los 30mil desaparecidos, los docentes, carlos fuentealba, niunamenos, la lucha es por acabar con la barbarie capitalista",A Favor,http://www.lapoliticaonline.com/nota/111321/,,,,
"Gonzalez, Alvaro Gustavo",V,,,No contesta,NO CONTESTA,02,cambiemos,Ciudad Autónoma de Buenos Aires,10/12/2015,09/12/2019,PRO,@_alvarogonzalez,"Dios, la Patria y los Santos Evangelios",,No confirmado,https://twitter.com/LaLupa26/status/974811215770935297?s=19,,,,
"Gonzalez, Josefina Victoria",M,31/1/1973,45,Soltera,Atea,82,izq,Santa Fe,10/12/2017,09/12/2021,FRENTE PARA LA VICTORIA - PJ,,Dios y la Patria,,A Favor,https://www.facebook.com/permalink.php?story_fbid=2039379896317482&id=1522953197960157,,,,
"Grana, Adrian Eduardo",V,12/9/1969,48,Casado,Atea,06,fpv,Buenos Aires,10/12/2015,09/12/2019,FRENTE PARA LA VICTORIA - PJ,@Adrian_Grana,La Patria,Por la unión de todos los argentinos,A Favor,https://www.laizquierdadiario.com/Primera-reunion-de-la-Campana-por-el-Derecho-al-Aborto-en-Diputados,,,,
"Grande, Martin",V,19/7/1959,58,Casado,NO CONTESTA,66,cambiemos,Salta,10/12/2017,09/12/2021,PRO,@MartinGrandeok,La Patria,,En Contra,https://www.eltribuno.com/salta/nota/2018-2-24-1-30-15-casi-todos-los-diputados-saltenos-contra-la-despenalizacion-del-aborto,,,,
"Grandinetti, Alejandro Ariel",V,8/9/1966,51,Casado,Católica,82,pais,Santa Fe,10/12/2015,09/12/2019,FEDERAL UNIDOS POR UNA NUEVA ARGENTINA,@GrandinettiOK,"Dios, la Patria y los Santos Evangelios",,No confirmado,https://www.pagina12.com.ar/99297-apoyos-y-condenas,,,,
"Grosso, Leonardo",V,4/1/1983,35,Soltero,Católica,06,pj,Buenos Aires,10/12/2015,09/12/2019,PERONISMO PARA LA VICTORIA,@Leonardo_Grosso,La Patria,"Por el futuro de los humildes, de los trabajadores y la patria grande",A Favor,http://www.abortolegal.com.ar/proyecto-de-ley-presentado-por-la-campana/,,,,
"Guerin, Maria Isabel",M,2/5/1950,68,Divorciada,Católica,06,fpv,Buenos Aires,10/12/2015,09/12/2019,FRENTE PARA LA VICTORIA - PJ,@misabelguerin,"Dios, la Patria y los Santos Evangelios",,No confirmado,,,,,
"Hernandez, Martin Osvaldo",V,5/11/1972,45,Casado,Católica,34,cambiemos,Formosa,10/12/2015,09/12/2019,UCR,@mohernandez,"Dios, la Patria y los Santos Evangelios",,En Contra,http://lamañanaonline.com.ar/noticia/74124-hernandez-creo-en-la-vida-desde-la-concepcion,,,,
"Herrera, Luis Beder",V,26/5/1951,67,Casado,Católica,46,pj,La Rioja,10/12/2015,09/12/2019,JUSTICIALISTA,@BederHerrera,"Dios, la Patria y los Santos Evangelios",,En Contra,http://www.riojalibre.com.ar/politica/90099-los-7-legisladores-riojanos-votarian-en-contra-del-proyecto/,,,,
"Hers Cabral, Anabella Ruth",M,5/10/1969,48,Divorciada,NO CONTESTA,02,cambiemos,Ciudad Autónoma de Buenos Aires,10/12/2015,09/12/2019,PRO,@AnabellaHers,"Dios, la Patria y los Santos Evangelios",,No confirmado,,"A favor, es firmante de proyecto en diputados (expediente) 0443-D-2018",,,
"Horne, Silvia Renee",M,23/7/1954,63,Divorciada,Católica,62,pj,Río Negro,10/12/2015,09/12/2019,PERONISMO PARA LA VICTORIA,@silviahorne,La Patria,,A Favor,http://www.telam.com.ar/notas/201606/153518-diputados-350-ongs-presentaron-proyecto-ley-aborto-legal.html,,,,
"Huczak, Stella Maris",M,13/8/1984,33,Soltera,Católica,50,cambiemos,Mendoza,10/12/2015,09/12/2019,PRO,@stellahuczak,,,En Contra,https://losandes.com.ar/article/view?slug=la-mitad-de-los-diputados-mendocinos-dice-que-votara-en-contra-del-aborto-legal,,,,
"Hummel, Astrid",M,1/12/1967,50,Divorciada,Católica,82,cambiemos,Santa Fe,10/12/2015,09/12/2019,PRO,@AstridHummel,"Dios, la Patria y los Santos Evangelios",,En Contra,https://twitter.com/AstridHummel/status/1004826832401813504,,,,
"Huss, Juan Manuel",V,19/4/1983,35,En convivencia,NO CONTESTA,30,fpv,Entre Ríos,10/12/2015,09/12/2019,FRENTE PARA LA VICTORIA - PJ,@juanchohuss,"Dios, la Patria y los Santos Evangelios","Por Perón, por Evita, por Néstor y Cristina",A Favor,http://www.eldiaonline.com/diputado-juan-manuel-huss-votara-favor-despenalizar-aborto/,,,,
"Iglesias, Fernando Adolfo",V,14/5/1957,61,Divorciado,Agnóstica,02,cambiemos,Ciudad Autónoma de Buenos Aires,10/12/2017,09/12/2021,PRO,@feriglesias,la Constitución Nacional ,,A Favor,https://www.infobae.com/opinion/2018/02/24/la-grieta-del-aborto/,,,,
"Igon, Santiago Nicolas",V,24/10/1977,40,Casado,NO CONTESTA,26,fpv,Chubut,10/12/2015,09/12/2019,FRENTE PARA LA VICTORIA - PJ,@igon_santiago,Dios y la Patria,"Por Néstor Kirchner, por Cristina Fernández de Kirchner, por el pueblo de Chubut y mis compañeros de militancia",A Favor,https://twitter.com/EleYrrazabal/status/968532450312941568,"No hay posiciones públicas, pero lxs diputadxs de La Cámpora, en general, están a favor.",,,
"Incicco, Lucas Ciriaco",V,2/7/1969,48,Casado,NO CONTESTA,82,cambiemos,Santa Fe,10/12/2015,09/12/2019,PRO,@Lucas_Incicco,"Dios, la Patria y los Santos Evangelios",,En Contra,https://www.pagina12.com.ar/99297-apoyos-y-condenas,,,,
"Infante, Hugo Orlando",V,,,No contesta,NO CONTESTA,86,otros,Santiago del Estero,10/12/2017,09/12/2021,FRENTE CIVICO POR SANTIAGO,@LitoInfante,"Dios, la Patria y los Santos Evangelios",,En Contra,https://www.elliberal.com.ar/noticia/401744/mayoria-legisladores-santiaguenos-votara-contra-despenalizar-aborto,En contra como todo el bloque del frente civico de santiago.,,,
"Kicillof, Axel",V,25/9/1971,46,Casado,Atea,02,fpv,Ciudad Autónoma de Buenos Aires,10/12/2015,09/12/2019,FRENTE PARA LA VICTORIA - PJ,@kicillofok,La Patria,"Por Néstor, por Cristina, por los trabajadores y el pueblo",A Favor,https://www.youtube.com/watch?v=g5kXcfKrW0o&feature=youtu.be,,,,
"Kirchner, Maximo Carlos",V,16/2/1977,41,En convivencia,Católica,78,fpv,Santa Cruz,10/12/2015,09/12/2019,FRENTE PARA LA VICTORIA - PJ,@Maxickirchner,La Patria,Por los que nunca aflojaron ni aflojan ni van a aflojar,A Favor,,Se pronunció a favor en asamblea de La Cámpora y subió fotos con el pañuelo de la campaña por el aborto legal,,,
"Kosiner, Pablo Francisco Juan",V,21/10/1964,53,Casado,Católica,66,pj,Salta,10/12/2015,09/12/2019,JUSTICIALISTA,@Pablokosiner,"Dios, la Patria y los Santos Evangelios",,En Contra,https://www.clarin.com/politica/advertencia-miguel-pichetto-ley-aborto-gobierno-va-poder-controlar-debate_0_HykJaV0vf.html,,,,
"Kroneberger, Daniel Ricardo",V,6/12/1961,56,Casado,Católica,42,cambiemos,La Pampa,10/12/2015,09/12/2019,UCR,@Dkroneberger,"Dios, la Patria y los Santos Evangelios",,No confirmado,http://www.eldiariodelapampa.com.ar/index.php/112-portada/cuater/40565-el-aborto-interpela-a-legisladores-y-agita-las-redes-sociales,,,,
"Lacoste, Jorge Enrique",V,16/7/1964,53,Soltero,Católica,30,cambiemos,Entre Ríos,10/12/2017,09/12/2021,UCR,@jorgeelacoste,"Dios, la Patria y los Santos Evangelios",,No confirmado,http://www.paginapolitica.com/actualidad/legisladores-entrerrianos-adelantan-opinioacuten-sobre-la-despenalizacioacuten.htm,"No quiso adelantar posición: “No conozco el proyecto todavía, fundamentalmente en lo que hace a atacar las causas antes de ir a los",,,
"Larroque, Andres",V,26/1/1977,41,Soltero,NO CONTESTA,02,fpv,Ciudad Autónoma de Buenos Aires,10/12/2015,09/12/2019,FRENTE PARA LA VICTORIA - PJ,@larroqueandres,La Patria,"Por Néstor, por Cristina y por toda la militancia",A Favor,http://www.parlamentario.com/noticia-107828.html,"No hay posiciones públicas, pero lxs diputadxs de La Cámpora, en general, están a favor.",,,
"Laspina, Luciano Andres",V,8/8/1972,45,Casado,Católica,82,cambiemos,Santa Fe,10/12/2017,09/12/2021,PRO,@LaspinaL,Dios y la Patria,,No confirmado,,,,,
"Lavagna, Marco",V,30/10/1974,43,Casado,Católica,02,pais,Ciudad Autónoma de Buenos Aires,10/12/2015,09/12/2019,FEDERAL UNIDOS POR UNA NUEVA ARGENTINA,@MarcoLavagna,"Dios, la Patria y los Santos Evangelios",,En Contra,https://www.clarin.com/politica/peronistas-aborto_0_BknfPIJdz.html,,,,
"Leavy, Sergio Napoleon",V,22/11/1963,54,Casado,Católica,66,fpv,Salta,10/12/2017,09/12/2021,FRENTE PARA LA VICTORIA - PJ,@ElOsoLeavy,"Dios, la Patria y los Santos Evangelios",,En Contra,https://www.eltribuno.com/salta/nota/2018-2-24-1-30-15-casi-todos-los-diputados-saltenos-contra-la-despenalizacion-del-aborto,,,,
"Lehmann, Maria Lucila",M,28/5/1983,35,Casada,Católica,82,cambiemos,Santa Fe,10/12/2017,09/12/2021,COALICION CIVICA,@lucilalehmann,"Dios, la Patria y los Santos Evangelios",,En Contra,https://www.pagina12.com.ar/99297-apoyos-y-condenas,,,,
"Lipovetzky, Daniel Andres",V,12/2/1967,51,Casado,Judía,06,cambiemos,Buenos Aires,10/12/2015,09/12/2019,PRO,@Lipovetzky,La Patria,"Por la Patria, por Néstor y Cristina",A Favor,http://www.perfil.com/politica/el-aborto-se-metio-en-la-campana-y-altero-los-nervios-en-cambiemos-y-en-la-oposicion.phtml,,,,
"Llanos Massa, Ana Maria",M,29/9/1959,58,Divorciada,Católica,26,fpv,Chubut,10/12/2015,09/12/2019,FRENTE PARA LA VICTORIA - PJ,@DipAnaLlanos,"Dios, la Patria y los Santos Evangelios",Por la Legión de María,En Contra,https://www.lanacion.com.ar/2111850-la-legalizacion-del-aborto-altero-al-congreso-pero-todavia-no-reune-mayoria,,,,
"Llaryora, Martin Miguel",V,6/10/1972,45,Casado,Católica,14,pj,Córdoba,10/12/2017,09/12/2021,CORDOBA FEDERAL,@MartinLlaryora,"Dios, la Patria y los Santos Evangelios",,En Contra,http://diariotortuga.com/2017/10/19/m-llaryora-aquellos-que-no-tenemos-referencias-nacionales-es-muy-dificil-llegar-con-el-mensaje/,Probablemente en contra,,,
"Lopez Koenig, Leandro Gaston",V,16/9/1983,34,Soltero,Agnóstica,58,cambiemos,Neuquén,10/12/2015,09/12/2019,PRO,@lopezleandrog,Dios y la Patria,Para que todos los corruptos que se robaron nuestro país vayan presos,A Favor,https://twitter.com/radiounccalf/status/968466914963009537,,,,
"Lopez, Juan Manuel",V,21/10/1978,39,Casado,Católica,02,cambiemos,Ciudad Autónoma de Buenos Aires,10/12/2017,09/12/2021,COALICION CIVICA,@JnmLopez,La Patria,,A Favor,https://www.cronista.com/economiapolitica/El-aborto-legal-junto-71-firmas-y-entra-manana-al-Congreso-todos-los-nombres-que-adhieren-20180305-0101.html ,,,,
"Lospennato, Silvia Gabriela",M,21/12/1977,40,Casada,Católica,06,cambiemos,Buenos Aires,10/12/2015,09/12/2019,PRO,@slospennato,"Dios, la Patria y los Santos Evangelios",,A Favor,http://www.letrap.com.ar/nota/2018-2-23-18-37-0--abortolegal-el-gobierno-juega-con-fuegos-artificiales-en-el-congreso,,,,
"Lotto, Ines Beatriz",M,1/1/1953,65,Casada,Católica,34,fpv,Formosa,10/12/2015,09/12/2019,FRENTE PARA LA VICTORIA - PJ,,La Patria,,No confirmado,,,,,
"Lousteau, Martin",V,8/12/1970,47,Casado,Agnóstica,02,otros,Ciudad Autónoma de Buenos Aires,10/12/2017,09/12/2021,EVOLUCION RADICAL,@gugalusto,la Constitución Nacional ,,A Favor,https://www.laprimerapiedra.com.ar/2017/08/aborto-congreso-opinan-los-principales-candidatos-las-paso/,,,,
"Macha, Monica",M,17/2/1972,46,Casada,Católica,06,fpv,Buenos Aires,10/12/2017,09/12/2021,FRENTE PARA LA VICTORIA - PJ,@MoniMacha,La Patria,,A Favor,https://twitter.com/MoniMacha/status/967509817731502080,,,,
"Macias, Oscar Alberto",V,28/2/1960,58,Casado,Católica,18,pj,Corrientes,10/12/2015,09/12/2019,JUSTICIALISTA,,"Dios, la Patria y los Santos Evangelios",Por Corrientes y por mi padre,No confirmado,,,,,
"Maquieyra, Martin",V,10/11/1988,29,Soltero,Católica,42,cambiemos,La Pampa,10/12/2017,09/12/2021,PRO,@Martinmaq,Dios y la Patria,,En Contra,http://www.portalunoargentina.com.ar/contenidosver.asp?id=27417&sid=137,,,,
"Marcucci, Hugo Maria",V,13/2/1964,54,Casado,Atea,82,cambiemos,Santa Fe,10/12/2015,09/12/2019,UCR,@hugomarcucci,la Constitución Nacional ,Para terminar con la grieta y la pobreza,A Favor,https://twitter.com/andresmalamud/status/971419997615554561,,,,
"Martiarena, Jose Luis",V,5/6/1960,58,Casado,Católica,38,pj,Jujuy,10/12/2017,09/12/2021,JUSTICIALISTA,@FteReyMilJusJuj,"Dios, la Patria y los Santos Evangelios",,En Contra,https://www.eltribuno.com/jujuy/nota/2018-2-28-0-0-0-dos-diputadas-jujenas-votaran-a-favor-de-la-ley-del-aborto,,,,
"Martinez Villada, Leonor Maria",M,24/3/1969,49,Casada,Católica,14,cambiemos,Córdoba,10/12/2015,09/12/2019,COALICION CIVICA,@leonormartinezv,"Dios, la Patria y los Santos Evangelios",,En Contra,https://twitter.com/leonormartinezv/status/965765538248118272,,,,
"Martinez, Norman Dario",V,3/9/1974,43,Soltero,Católica,58,fpv,Neuquén,10/12/2017,09/12/2021,FRENTE PARA LA VICTORIA - PJ,@dariomartinezpj,Dios y la Patria,,A Favor,http://www.rionegro.com.ar/argentina/el-aborto-legal-divide-opiniones-entre-los-diputados-de-la-region-MA4417691,,,,
"Martinez, Silvia Alejandra",M,6/5/1950,68,Casada,Católica,38,cambiemos,Jujuy,10/12/2015,09/12/2019,UCR,@dip_alemartinez,"Dios, la Patria y los Santos Evangelios",,A Favor,https://www.lanacion.com.ar/2111850-la-legalizacion-del-aborto-altero-al-congreso-pero-todavia-no-reune-mayoria,,,,
"Masin, Maria Lucila",M,31/5/1984,34,En convivencia,Atea,22,fpv,Chaco,10/12/2015,09/12/2019,FRENTE PARA LA VICTORIA - PJ,@LuciMasin,Dios y la Patria,"Por el pueblo del Chaco, por Néstor y Cristina",A Favor,https://www.facebook.com/lucila.masin/posts/2102742659980977,,,,
"Massetani, Vanesa Laura",M,3/3/1982,36,Casada,Católica,82,pais,Santa Fe,10/12/2015,09/12/2019,FEDERAL UNIDOS POR UNA NUEVA ARGENTINA,@vanesamassetani,"Dios, la Patria y los Santos Evangelios",,En Contra,http://www.parlamentario.com/noticia-107852.html,,,,
"Massot, Nicolas Maria",V,16/7/1984,33,Casado,Católica,14,cambiemos,Córdoba,10/12/2015,09/12/2019,PRO,@Nicolas_Massot,"Dios, la Patria y los Santos Evangelios",,En Contra,https://www.lanacion.com.ar/2111850-la-legalizacion-del-aborto-altero-al-congreso-pero-todavia-no-reune-mayoria,,,,
"Matzen, Lorena",M,23/2/1979,39,Casada,Católica,62,cambiemos,Río Negro,10/12/2017,09/12/2021,UCR,@lorematzen,"Dios, la Patria y los Santos Evangelios",,A Favor,https://www.lanacion.com.ar/2111850-la-legalizacion-del-aborto-altero-al-congreso-pero-todavia-no-reune-mayoria,,,,
"Medina, Gladys",M,16/6/1985,32,En convivencia,Católica,90,cambiemos,Tucumán,10/12/2017,09/12/2021,JUSTICIALISTA POR TUCUMAN,@GladysMedinaOK,,,En Contra,https://www.youtube.com/watch?v=xcHit9MZ4aI,,,,
"Medina, Martin Nicolas",V,,,No contesta,NO CONTESTA,06,pj,Buenos Aires,10/12/2017,09/12/2021,PRO,@MEDINAMN,"Dios, la Patria y los Santos Evangelios",,En Contra,https://twitter.com/MEDINAMN/status/26066628119,Hay tuits suyos de entre 2010 y 2014 donde se muestra MUY en contra:  https://twitter.com/MEDINAMN/status/26066628119,,,
"Mendoza, Josefina",M,26/11/1983,34,En pareja,Católica,06,cambiemos,Buenos Aires,10/12/2017,09/12/2021,UCR,@JosefaMendo,La Patria,,A Favor,https://www.lanacion.com.ar/2111850-la-legalizacion-del-aborto-altero-al-congreso-pero-todavia-no-reune-mayoria,,,,
"Mendoza, Mayra Soledad",M,16/5/1992,26,Soltera,Católica,06,fpv,Buenos Aires,10/12/2015,09/12/2019,FRENTE PARA LA VICTORIA - PJ,@mayrasmendoza,Dios y la Patria,"Por Néstor Kirchner, por Cristina y por el pueblo empoderado",A Favor,https://www.infobae.com/politica/2018/02/23/el-debate-por-el-aborto-legal-un-congreso-dividido-entre-el-papa-y-el-reclamo-feminista/,,,,
"Menna, Gustavo",V,1/11/1965,52,Casado,Católica,26,cambiemos,Chubut,10/12/2017,09/12/2021,UCR,@gustamenna,Dios y la Patria,,A Favor,https://www.youtube.com/watch?v=oqaL5Aca3ms&feature=youtu.be,,,,
"Mercado, Veronica",M,,,No contesta,NO CONTESTA,10,fpv,Catamarca,10/12/2015,09/12/2019,FRENTE PARA LA VICTORIA - PJ,@VeroMercadoJ,"Dios, la Patria y los Santos Evangelios",,A Favor,https://twitter.com/veromercadom/status/965635177769816064,,,,
"Mestre, Diego Matias",V,16/3/1978,40,Casado,Católica,14,cambiemos,Córdoba,10/12/2017,09/12/2021,UCR,@DiegoMMestre,"Dios, la Patria y los Santos Evangelios",,En Contra,http://www.lavoz.com.ar/politica/el-no-al-aborto-es-mayoria-entre-congresistas-cordobeses,"No hay opiniones publicas, pero el resto del radicalismo de Córdoba vota a favor, asi que probablemente el tambien.",,,
"Miranda, Pedro Ruben",V,10/1/1962,56,Casado,Católica,50,pj,Mendoza,10/12/2015,09/12/2019,JUSTICIALISTA,@prmirandaMza,"Dios, la Patria y los Santos Evangelios",,A Favor,https://losandes.com.ar/article/view?slug=la-mitad-de-los-diputados-mendocinos-dice-que-votara-en-contra-del-aborto-legal,,,,
"Moises, Maria Carolina",M,5/3/1975,43,Soltera,Católica,38,pj,Jujuy,10/12/2015,09/12/2019,JUSTICIALISTA,@carolinamoises,Dios y la Patria,,A Favor,http://www.parlamentario.com/noticia-107828.html,,,,
"Molina, Karina Alejandra",M,2/8/1972,45,Divorciada,Católica,46,cambiemos,La Rioja,10/12/2015,09/12/2019,PRO,@KarinaAleMolina,Dios y la Patria,,En Contra,http://www.portalunoargentina.com.ar/contenidosver.asp?id=27417&sid=13,,,,
"Monaldi, Osmar Antonio",V,,,No contesta,NO CONTESTA,38,cambiemos,Jujuy,10/12/2017,09/12/2021,PRO,@OsmarMonaldi,"Dios, la Patria y los Santos Evangelios",,En Contra,http://www.jujuyalmomento.com/post/81519/aborto-legal-esto-votarian-los-diputados-jujenos.html,,,,
"Monfort, Marcelo Alejandro",V,19/1/1968,50,Divorciado,Católica,30,cambiemos,Entre Ríos,10/12/2015,09/12/2019,UCR,@monfortmarcelo,"Dios, la Patria y los Santos Evangelios",,No confirmado,,,,,
"Montenegro, Guillermo Tristan",V,30/12/1962,55,Divorciado,Católica,06,cambiemos,Buenos Aires,10/12/2017,09/12/2021,PRO,@gmontenegro_ok,"Dios, la Patria y los Santos Evangelios",,En Contra,http://www.adnsur.com.ar/2017/10/lo-dejo-debate-las-diferencias-menna-fueyo/,http://www.diagonales.com/contenido/despenalizacin-del-aborto-conoc-qu-diputados-votaran-a-favor-en-contra-y-los-indecisos/7961,,,
"Monzo, Emilio",V,26/9/1965,52,Casado,Católica,06,cambiemos,Buenos Aires,10/12/2015,09/12/2019,PRO,@MonzoEmilio,"Dios, la Patria y los Santos Evangelios",,Se Abstiene,http://actorpolitico.com/nota/6666/mayra_mendoza_confia_en_tratar_el_proyecto_de_aborto_monzo_tiene_que_escuchar_lo_que_esta_sucediendo_en_la_calle/,,"VOTA SOLO EN CASO DE DESEMPATE, y si fuera el caso vota en contra",,
"Morales, Flavia",M,16/10/1985,32,En convivencia,Católica,54,pais,Misiones,10/12/2017,09/12/2021,FRENTE DE LA CONCORDIA MISIONERO,@flalomorales,"Dios, la Patria y los Santos Evangelios",,No confirmado,,,,,
"Morales, Mariana Elizabet",M,7/2/1975,43,Casada,Católica,86,otros,Santiago del Estero,10/12/2015,09/12/2019,FEDERAL UNIDOS POR UNA NUEVA ARGENTINA,,"Dios, la Patria y los Santos Evangelios",,En Contra,http://www.portalunoargentina.com.ar/contenidosver.asp?id=27417&sid=13,,,,
"Moreau, Cecilia",M,12/5/1976,42,Soltera,Católica,06,pais,Buenos Aires,10/12/2015,09/12/2019,FEDERAL UNIDOS POR UNA NUEVA ARGENTINA,@CECILIAMOREAU,"Dios, la Patria y los Santos Evangelios",,A Favor,https://www.lanacion.com.ar/2111850-la-legalizacion-del-aborto-altero-al-congreso-pero-todavia-no-reune-mayoria,,,,
"Moreau, Leopoldo Raul Guido",V,5/11/1946,71,Casado,Católica,06,fpv,Buenos Aires,10/12/2017,09/12/2021,FRENTE PARA LA VICTORIA - PJ,@MoreauLeopoldo,la Constitución Nacional ,,A Favor,https://www.pagina12.com.ar/diario/elpais/1-16708-2003-02-18.html,https://twitter.com/AhoraEsCuandoFm/status/969165125402943488?s=19,,,
"Mosqueda, Juan",V,,,No contesta,NO CONTESTA,22,pj,Chaco,10/12/2017,09/12/2021,JUSTICIALISTA,@JuanMosqueda_ar,la Constitución Nacional ,,En Contra,https://www.clarin.com/politica/aborto-diputados-oponen-llevan-leve-ventaja_0_ByjcR1MYM.html ,,,,
"Moyano, Juan Facundo",V,25/12/1984,33,Soltero,Católica,06,pais,Buenos Aires,10/12/2015,09/12/2019,FEDERAL UNIDOS POR UNA NUEVA ARGENTINA,@Facundo_Moyano,Dios y la Patria,Por los trabajadores argentinos y la justicia social,A Favor,https://www.lanacion.com.ar/2111850-la-legalizacion-del-aborto-altero-al-congreso-pero-todavia-no-reune-mayoria,El autor de la nota dice que Moyano le aclaró que no sabe cómo vota,,,
"Muñoz, Rosa Rosario",M,2/4/1970,48,Soltera,Católica,26,pais,Chubut,10/12/2017,09/12/2021,TRABAJO Y DIGNIDAD,@RosaRosario06,Dios y la Patria,,En Contra,http://www.diariojornada.com.ar/207010/provincia/el_aborto_hoy_no_es_un_tema_prioritario/,,,,
"Najul, Claudia",M,14/4/1962,56,Casada,Cristiana,50,cambiemos,Mendoza,10/12/2017,09/12/2021,UCR,@ClauNaj,La Patria,,No confirmado,https://losandes.com.ar/article/view?slug=la-mitad-de-los-diputados-mendocinos-dice-que-votara-en-contra-del-aborto-legal,,,,
"Nanni, Miguel",V,5/6/1977,41,Separado,Católica,66,cambiemos,Salta,10/12/2015,09/12/2019,UCR,@NanniMiguel,"Dios, la Patria y los Santos Evangelios",,No confirmado,https://www.lagacetasalta.com.ar/nota/99895/actualidad/debate-aborto-especulacion-gobierno-o-respuesta-demanda-social-genuina.html,,,,
"Navarro, Graciela",M,26/12/1958,59,En convivencia,NO CONTESTA,86,otros,Santiago del Estero,10/12/2015,09/12/2019,FRENTE CIVICO POR SANTIAGO,@graciela_navarr,"Dios, la Patria y los Santos Evangelios",,En Contra,http://www.portalunoargentina.com.ar/contenidosver.asp?id=27417&sid=13,,,,
"Nazario, Adriana Monica",M,1/3/1962,56,Divorciada,Católica,14,pais,Córdoba,10/12/2015,09/12/2019,CORDOBA TRABAJO Y PRODUCCION,@NazarioOk,,,En Contra,http://www.portalunoargentina.com.ar/contenidosver.asp?id=27417&sid=137,,,,
"Neder, Estela Mary",M,12/12/1958,59,Casada,Católica,86,otros,Santiago del Estero,10/12/2015,09/12/2019,FRENTE CIVICO POR SANTIAGO,,"Dios, la Patria y los Santos Evangelios",,En Contra,https://www.elliberal.com.ar/noticia/401744/mayoria-legisladores-santiaguenos-votara-contra-despenalizar-aborto,,,,
"Negri, Mario Raul",V,2/6/1954,64,Casado,Católica,14,cambiemos,Córdoba,10/12/2015,09/12/2019,UCR,@marioraulnegri,"Dios, la Patria y los Santos Evangelios",,A Favor,https://www.lanacion.com.ar/2111850-la-legalizacion-del-aborto-altero-al-congreso-pero-todavia-no-reune-mayoria,"ojo con Negri, no está tomada pocisión según http://www.diarioalfil.com.ar/2018/02/26/95614/",,,
"Nuñez, Jose Carlos",V,11/12/1974,43,En convivencia,Católica,82,cambiemos,Santa Fe,10/12/2015,09/12/2019,PRO,@josenunezjurado,"Dios, la Patria y los Santos Evangelios",,En Contra,https://www.pagina12.com.ar/99297-apoyos-y-condenas,,,,
"Ocaña, Maria Graciela",M,16/9/1960,57,Casada,Católica,06,cambiemos,Buenos Aires,10/12/2017,09/12/2021,PRO,@gracielaocana,la Constitución Nacional ,,A Favor,http://www.perfil.com/politica/el-aborto-se-metio-en-la-campana-y-altero-los-nervios-en-cambiemos-y-en-la-,http://www.riojalibre.com.ar/politica/90099-los-7-legisladores-riojanos-votarian-en-contra-del-proyecto/,,,
"Olivares, Hector Enrique",V,18/12/1958,59,Casado,Católica,46,cambiemos,La Rioja,10/12/2015,09/12/2019,UCR,@OlivaresHctor,La Patria,,En Contra,https://www.facebook.com/pg/Hector-Olivares-Diputado-Nacional-2015-310090155806871/posts/?ref=page_internal,No hizo declaraciones actualmente pero en junio de 2015 compartió un posteo en contra del aborto en su Facebook:,,,
"Oliveto Lago, Paula Mariana",M,10/2/1973,45,Casada,Católica,02,cambiemos,Ciudad Autónoma de Buenos Aires,10/12/2017,09/12/2021,COALICION CIVICA,@pau_oliveto,"Dios, la Patria y los Santos Evangelios",,No confirmado,http://www.parlamentario.com/noticia-107802.html,,,,
"Olmedo, Alfredo Horacio",V,12/5/1965,53,Casado,Cristiana,66,cambiemos,Salta,10/12/2015,09/12/2019,SALTA SOMOS TODOS,@diputadoolmedo,"Dios, la Patria y los Santos Evangelios","Por una Argentina sin drogas, para que vuelva la cultura del trabajo y el respeto, y por el honor de mi padre y de mi madre",En Contra,https://www.eltribuno.com/salta/nota/2018-2-24-1-30-15-casi-todos-los-diputados-saltenos-contra-la-despenalizacion-del-aborto,,,,
"Orellana, Jose Fernando",V,13/5/1964,54,Casado,NO CONTESTA,90,pj,Tucumán,10/12/2015,09/12/2019,JUSTICIALISTA POR TUCUMAN,,"Dios, la Patria y los Santos Evangelios","Por Dios, por la Patria, por Tucumán, por Juan Domingo Perón y Evita Perón",En Contra,http://www.parlamentario.com/noticia-107852.html,Orellana se pronunció en contra en un programa de televisión de Tucumán,,,
"Passo, Marcela Fabiana",M,27/9/1976,41,Casada,Católica,06,pais,Buenos Aires,10/12/2015,09/12/2019,FEDERAL UNIDOS POR UNA NUEVA ARGENTINA,@passomarcela,Dios y la Patria,,En Contra,https://www.clarin.com/politica/aborto-diputados-oponen-llevan-leve-ventaja_0_ByjcR1MYM.html ,,,,
"Pastori, Luis Mario",V,13/3/1953,65,Casado,Católica,54,cambiemos,Misiones,10/12/2017,09/12/2021,UCR,@luispastori,"Dios, la Patria y los Santos Evangelios",,En Contra,https://twitter.com/republica99/status/968088684221419520,,,,
"Pastoriza, Mirta Ameliana",M,5/7/1937,80,Viuda,Atea,86,otros,Santiago del Estero,10/12/2015,09/12/2019,FRENTE CIVICO POR SANTIAGO,@mirtapastoriza,Dios y la Patria,,No confirmado,,,,,
"Peñaloza Marianetti, Maria Florencia",M,29/3/1984,34,Soltera,Católica,70,otros,San Juan,10/12/2015,09/12/2019,SOMOS SAN JUAN,@Flopenaloza1,,,En Contra,https://www.tiempodesanjuan.com/politica/2018/2/23/juan-unnime-diputados-nacionales-contra-aborto-207118.html,,,,
"Pereyra, Juan Manuel",V,25/11/1943,74,Casado,Católica,14,otros,Córdoba,10/12/2015,09/12/2019,CONCERTACION FORJA,@JuanPereyraCba,"Dios, la Patria y los Santos Evangelios",Por seguir trabajando y defendiendo el proyecto nacional y popular,En Contra,http://www.lavoz.com.ar/politica/el-no-al-aborto-es-mayoria-entre-congresistas-cordobeses,,,,
"Perez, Martin Alejandro",V,9/10/1958,59,Divorciado,Católica,94,pais,Tierra del Fuego,10/12/2017,09/12/2021,FRENTE PARA LA VICTORIA - PJ,@MartinPerezTDF,Dios y la Patria,,A Favor,https://twitter.com/MartinPerezTDF/status/971744990136360960,dudoso,,,
"Perez, Raul Joaquin",V,6/5/1980,38,En pareja,Católica,06,fpv,Buenos Aires,10/12/2015,09/12/2019,FEDERAL UNIDOS POR UNA NUEVA ARGENTINA,@Raul__Perez,Dios y la Patria,,A Favor,http://www.revistaanfibia.com/cronica/bebito-aborto-congreso/,,,,
"Pertile, Elda",M,,,Casada,Católica,22,pj,Chaco,10/12/2017,09/12/2021,JUSTICIALISTA,@eldapertile,"Dios, la Patria y los Santos Evangelios",,En Contra,https://twitter.com/MartinPerezTDF/status/971744990136360960,,,,
"Petri, Luis Alfonso",V,1/4/1977,41,Soltero,Católica,50,cambiemos,Mendoza,10/12/2017,09/12/2021,UCR,@luispetri,"Dios, la Patria y los Santos Evangelios",,En Contra,https://losandes.com.ar/article/view?slug=la-mitad-de-los-diputados-mendocinos-dice-que-votara-en-contra-del-aborto-legal,,,,
"Piccolomini, Maria Carla",M,28/2/1980,38,Casada,Católica,06,cambiemos,Buenos Aires,10/12/2017,09/12/2021,PRO,@mpiccolomini,"Dios, la Patria y los Santos Evangelios",,En Contra,https://www.clarin.com/politica/aborto-diputados-oponen-llevan-leve-ventaja_0_ByjcR1MYM.html,,,,
"Pietragalla Corti, Horacio",V,11/3/1976,42,No contesta,NO CONTESTA,06,fpv,Buenos Aires,10/12/2017,09/12/2021,FRENTE PARA LA VICTORIA - PJ,@pietragallahora,La Patria,,A Favor,http://www.abortolegal.com.ar/proyecto-de-ley-presentado-por-la-campana/,,,,
"Pitiot, Carla Betina",M,7/6/1973,45,Casada,Católica,02,pais,Ciudad Autónoma de Buenos Aires,10/12/2015,09/12/2019,FEDERAL UNIDOS POR UNA NUEVA ARGENTINA,@CarlabPitiot,"Dios, la Patria y los Santos Evangelios",,En Contra,https://www.lanacion.com.ar/2111851-macri-y-la-mayoria-de-los-ministros-en-contra-de-la-despenalizacion,,,,
"Polledo, Carmen",M,14/11/1952,65,Casada,Católica,02,cambiemos,Ciudad Autónoma de Buenos Aires,10/12/2017,09/12/2021,PRO,@carmenpolledo,"Dios, la Patria y los Santos Evangelios",,En Contra,http://www.diarioveloz.com/notas/182219-la-legalizacion-del-aborto-todavia-no-reune-mayoria-y-peligra-la-sesion-especial-del-8-marzo,,,,
"Pretto, Pedro Javier",V,20/9/1965,52,Casado,Católica,14,cambiemos,Córdoba,10/12/2015,09/12/2019,PRO,@javierpretto,"Dios, la Patria y los Santos Evangelios",,En Contra,http://www.portalunoargentina.com.ar/contenidosver.asp?id=27417&sid=13,,,,
"Quetglas, Fabio Jose",V,6/5/1965,53,Casado,Atea,06,cambiemos,Buenos Aires,10/12/2017,09/12/2021,UCR,@fabiojquetglas,la Constitución Nacional ,,A Favor,https://m.facebook.com/story.php?story_fbid=1996087767312718&id=1829796227275207,,,,
"Rach Quiroga, Analia",M,19/3/1984,34,Soltera,NO CONTESTA,22,fpv,Chaco,10/12/2015,09/12/2019,FRENTE PARA LA VICTORIA - PJ,@analiarach,"Dios, la Patria y los Santos Evangelios",,A Favor,https://m.facebook.com/story.php?story_fbid=2003443969981986&id=1449372392055816,Marchó a favor del Aborto en Chaco,,,
"Ramon, Jose Luis",V,29/4/1964,54,Casado,NO CONTESTA,50,otros,Mendoza,10/12/2017,09/12/2021,PARTIDO INTRANSIGENTE,@jlramonar1,"Dios, la Patria y los Santos Evangelios",,A Favor,http://www.radionacional.com.ar/ramon-no-avala-el-consumo-reglamentado-de-drogas-y-esta-a-favor-de-la-despenalizacion-del-aborto/,,,,
"Ramos, Alejandro",V,8/2/1975,43,Casado,Católica,82,otros,Santa Fe,10/12/2015,09/12/2019,PRIMERO ARGENTINA,@gestionaleramos,Dios y la Patria,,A Favor,https://twitter.com/gsued/status/1004440999337381889,,,,
"Rauschenberger, Ariel",V,23/4/1966,52,Casado,Católica,42,pj,La Pampa,10/12/2017,09/12/2021,JUSTICIALISTA,@RauschenbergerA,"Dios, la Patria y los Santos Evangelios",,No confirmado,http://www.eldiariodelapampa.com.ar/index.php/112-portada/cuater/40565-el-aborto-interpela-a-legisladores-y-agita-las-redes-sociales,,,,
"Raverta, Maria Fernanda",M,25/11/1976,41,Soltera,Atea,06,fpv,Buenos Aires,10/12/2015,09/12/2019,FRENTE PARA LA VICTORIA - PJ,@FerRaverta,La Patria,"Por María Inés Raverta, por Néstor Carlos Kirchner y por mis compañeros de militancia",A Favor,https://twitter.com/FerRaverta/status/965718604393132032,,,,
"Regidor Belledone, Estela Mercedes",M,24/3/1970,48,Soltera,Cristiana,18,cambiemos,Corrientes,10/12/2017,09/12/2021,UCR,@estelaregidorok,la Constitución Nacional ,,En Contra,https://www.ellitoral.com.ar/nota/2018-2-25-4-0-0-aborto-el-debate-que-se-viene-tiene-a-los-legisladores-con-posturas-a-favor-y-en-contra,,,,
"Reyes, Roxana Nahir",M,,,Casado/a,Católica,78,cambiemos,Santa Cruz,10/12/2017,09/12/2021,UCR,@Roxanahireyes,"Dios, la Patria y los Santos Evangelios",,En Contra,https://www.tiemposur.com.ar/nota/151832-aborto-legal-todo-el-bloque-cambiemos-votara-a-favor-de-las-dos-vidas,,,,
"Riccardo, Jose Luis",V,4/9/1961,56,Casado,Católica,74,cambiemos,San Luis,10/12/2017,09/12/2021,UCR,@joselriccardo,Dios y la Patria,,En Contra,http://beta.yoquierosaber.org/election/candidatos-a-gobernador-san-luis/jose-luis-riccardo-04091961,,,,
"Ricci, Nadia",M,,,Casado,Católica,78,cambiemos,Santa Cruz,10/12/2015,09/12/2019,UCR,@nadiariccisc,Dios y la Patria,,En Contra,https://www.tiemposur.com.ar/nota/151832-aborto-legal-todo-el-bloque-cambiemos-votara-a-favor-de-las-dos-vidas,https://twitter.com/nadiariccisc/status/1004059141428654080,,,
"Rista, Olga Maria",M,10/6/1956,61,Soltera,Católica,14,cambiemos,Córdoba,10/12/2015,09/12/2019,UCR,@olgamariarista,"Dios, la Patria y los Santos Evangelios",Por todo el pueblo argentino,A Favor,http://www.parlamentario.com/noticia-107486.html,,,,
"Asencio, Fernando",V,,,,,06,pj,Buenos Aires,25/05/2018,09/12/2019,FRENTE RENOVADOR,@Asenciofernando,"Dios, la Patria y los Santos Evangelios",Y por el pueblo del a matanza,No confirmado,,,Reemplaza al FALLECIDO ROBERTI,,
"Rodenas, Alejandra",M,26/9/1963,54,Casada,Católica,82,fpv,Santa Fe,10/12/2017,09/12/2021,NUEVO ESPACIO SANTAFESINO,@rodenasale,La Patria,,A Favor,https://www.lacapital.com.ar/la-ciudad/estaba-decidida-abortar-se-habiacutea-quedado-trabajo-y-teniacutea-deudas-n311382.html,,,,
"Rodriguez, Matias David",V,,,No contesta,NO CONTESTA,94,fpv,Tierra del Fuego,10/12/2015,09/12/2019,FRENTE PARA LA VICTORIA - PJ,@MatiasRodrigTDF,La Patria,"Por Néstor, Cristina y esta hermosa militancia que nos dejaron",A Favor,https://twitter.com/MatiasRodrigTDF/status/254354326103937024,,,,
"Rodriguez, Rodrigo Martin",V,,,No contesta,NO CONTESTA,06,fpv,Buenos Aires,10/12/2015,09/12/2019,FRENTE PARA LA VICTORIA - PJ,@rmrodra,La Patria,Por Néstor y Cristina,A Favor,http://www.diagonales.com/contenido/despenalizacin-del-aborto-conoc-qu-diputados-votaran-a-favor-en-contra-y-los-indecisos/7961,"No hay declaraciones públicas, pero en general lxs diputadxs de La Cámpora están a favor.",,,
"Roma, Carlos Gaston",V,29/1/1974,44,Soltero,Atea,94,cambiemos,Tierra del Fuego,10/12/2015,09/12/2019,PRO,@RomaGaston,"Dios, la Patria y los Santos Evangelios",,En Contra,http://www.portalunoargentina.com.ar/contenidosver.asp?id=27417&sid=13,,,,
"Romero, Jorge Antonio",V,17/2/1958,60,Casado,Católica,18,pj,Corrientes,10/12/2017,09/12/2021,FRENTE PARA LA VICTORIA - PJ,@jromero581,"Dios, la Patria y los Santos Evangelios",,En Contra,http://www.nuevamiradacorrientes.com/notas/x/201802/5133-Diputado-peronista-tambien-votara-en-contra-de-la-despenalizacion-del-aborto.html,,,,
"Rossi, Agustin Oscar",V,18/10/1959,58,Separado,Católica,82,fpv,Santa Fe,10/12/2017,09/12/2021,FRENTE PARA LA VICTORIA - PJ,@RossiAgustinOk,Dios y la Patria,,A Favor,https://www.lanacion.com.ar/2111850-la-legalizacion-del-aborto-altero-al-congreso-pero-todavia-no-reune-mayoria,https://twitter.com/learaduazzo/status/968076952522379264,,,
"Rosso, Victoria",M,,,No contesta,NO CONTESTA,74,otros,San Luis,10/12/2017,09/12/2021,UNIDAD JUSTICIALISTA,@vicky_rosso,"Dios, la Patria y los Santos Evangelios",,En Contra,https://www.clarin.com/politica/aborto-diputados-san-luis-impulsan-consulta-popular-decidir-legalizacion_0_rJJ-hNXOf.html,,,,
"Ruiz Aragon, Jose Arnaldo",V,14/1/1987,31,Casado,NO CONTESTA,18,fpv,Corrientes,10/12/2015,09/12/2019,FRENTE PARA LA VICTORIA - PJ,,"Dios, la Patria y los Santos Evangelios","Por Néstor, por Cristina y por el proyecto nacional",A Favor,https://www.ellitoral.com.ar/nota/2018-2-25-4-0-0-aborto-el-debate-que-se-viene-tiene-a-los-legisladores-con-posturas-a-favor-y-en-contra,,,,
"Russo, Laura",M,1/11/1981,36,Casada,Budista,06,fpv,Buenos Aires,10/12/2017,09/12/2021,FRENTE PARA LA VICTORIA - PJ,@LauRussoS,La Patria,,A Favor,http://www.diagonales.com/contenido/despenalizacin-del-aborto-conoc-qu-diputados-votaran-a-favor-en-contra-y-los-indecisos/7961,,,,
"Saadi, Gustavo Arturo",V,2/8/1975,42,Soltero,Católica,10,pj,Catamarca,10/12/2017,09/12/2021,ELIJO CATAMARCA,@GustavoSaadi,"Dios, la Patria y los Santos Evangelios",,No confirmado,,,,,
"Sahad, Julio Enrique",V,1/7/1956,61,Casado,Católica,46,cambiemos,La Rioja,10/12/2017,09/12/2021,PRO,@SahadJulio,Dios y la Patria,,En Contra,http://www.riojalibre.com.ar/politica/90099-los-7-legisladores-riojanos-votarian-en-contra-del-proyecto/,,,,
"Salvarezza, Roberto",V,30/1/1952,66,Casado,Agnóstica,06,fpv,Buenos Aires,10/12/2017,09/12/2021,FRENTE PARA LA VICTORIA - PJ,@RCSalvarezza,La Patria,,A Favor,https://twitter.com/RCSalvarezza/status/965899351620046848,,,,
"Santillan, Walter Marcelo",V,8/10/1962,55,Soltero,NO CONTESTA,90,fpv,Tucumán,10/12/2015,09/12/2019,FRENTE PARA LA VICTORIA - PJ,@marcesantil,Dios y la Patria,"Por la memoria de mi padre, Atilio Santillán, por los 30.000 desaparecidos, por mis compañeros, y por Néstor y Cristina",A Favor,http://www.diagonales.com/contenido/despenalizacin-del-aborto-conoc-qu-diputados-votaran-a-favor-en-contra-y-los-indecisos/7961,,,,
"Sapag, Alma Chani",M,2/10/1952,65,Divorciada,Católica,58,otros,Neuquén,10/12/2017,09/12/2021,MOV POP NEUQUINO,@AlmaSapag,"Dios, la Patria y los Santos Evangelios",,En Contra,https://twitter.com/LMNeuquen/status/968443644586942464,,,,
"Scaglia, Gisela",M,22/10/1976,41,Soltera,Católica,82,cambiemos,Santa Fe,10/12/2017,09/12/2021,PRO,@GiScaglia,"Dios, la Patria y los Santos Evangelios",,En Contra,https://www.lacapital.com.ar/la-ciudad/la-mayoria-los-diputados-santafesinos-no-tiene-opinion-definida-el-aborto-n453837.html,,,,
"Schlereth, David Pablo",V,11/4/1970,48,Casado,Cristiana,58,cambiemos,Neuquén,10/12/2017,09/12/2021,PRO,@davidnqn2018,"Dios, la Patria y los Santos Evangelios",,En Contra,https://twitter.com/davidnqn2017/status/967026118237749248,,,,
"Schmidt Liermann, Cornelia",M,11/6/1963,54,Soltera,Católica,02,cambiemos,Ciudad Autónoma de Buenos Aires,10/12/2015,09/12/2019,PRO,@CorneliaSL,Dios y la Patria,,En Contra,http://www.portalunoargentina.com.ar/contenidosver.asp?id=27417&sid=13,,,,
"Scioli, Daniel",V,13/1/1957,61,En pareja,Católica,06,fpv,Buenos Aires,10/12/2017,09/12/2021,FRENTE PARA LA VICTORIA - PJ,@danielscioli,"Dios, la Patria y los Santos Evangelios",,No confirmado,"Daniel Scioli: ""En los países donde se despenalizó el aborto, bajó la mortalidad infantil""",https://www.infobae.com/politica/2018/03/15/daniel-scioli-de-ninguna-manera-planteo-otra-vez-el-sueno-de-ser-presidente/,,,
"Selva, Carlos Americo",V,3/5/1958,60,Casado,Católica,06,pais,Buenos Aires,10/12/2015,09/12/2019,FEDERAL UNIDOS POR UNA NUEVA ARGENTINA,@CarlosASelva,"Dios, la Patria y los Santos Evangelios",,En Contra,http://www.portalunoargentina.com.ar/contenidosver.asp?id=27417&sid=13,,,,
"Sierra, Magdalena",M,25/6/1966,51,Casada,Católica,06,fpv,Buenos Aires,10/12/2017,09/12/2021,FRENTE PARA LA VICTORIA - PJ,@MSierraDiputada,"Dios, la Patria y los Santos Evangelios",,A Favor,https://twitter.com/MSierraDiputada/status/967528643223261189,,,,
"Siley, Vanesa",M,19/8/1984,33,Soltera,Católica,06,fpv,Buenos Aires,10/12/2017,09/12/2021,FRENTE PARA LA VICTORIA - PJ,@Vsiley,"Dios, la Patria y los Santos Evangelios",,A Favor,https://twitter.com/Vsiley/status/965603404067287041,,,,
"Snopek, Alejandro Francisco",V,25/2/1972,46,Divorciado,Católica,38,pais,Jujuy,10/12/2015,09/12/2019,FEDERAL UNIDOS POR UNA NUEVA ARGENTINA,@guillermosnopek,"Dios, la Patria y los Santos Evangelios",,En Contra,http://www.jujuyalmomento.com/post/81519/aborto-legal-esto-votarian-los-diputados-jujenos.html,,,,
"Sola, Felipe Carlos",V,23/7/1950,67,En convivencia,Católica,06,pais,Buenos Aires,10/12/2017,09/12/2021,FEDERAL UNIDOS POR UNA NUEVA ARGENTINA,@felipe_sola,"Dios, la Patria y los Santos Evangelios",,A Favor,https://twitter.com/felipe_sola/status/1004151155197440001?s=19,,,,
"Solanas, Julio Rodolfo",V,31/1/1953,65,Divorciado,NO CONTESTA,30,fpv,Entre Ríos,10/12/2015,09/12/2019,FRENTE PARA LA VICTORIA - PJ,@juliosolanas,Dios y la Patria,"Por mi pueblo entrerriano, por Perón, por Néstor, por Cristina y por mi hermano Raúl Patricio",A Favor,https://www.clarin.com/politica/aborto-diputados-oponen-llevan-leve-ventaja_0_ByjcR1MYM.html ,,,,
"Soraire, Mirta Alicia",M,25/3/1964,54,Divorciada,NO CONTESTA,90,fpv,Tucumán,10/12/2015,09/12/2019,FRENTE PARA LA VICTORIA - PJ,@diputadasoraire,Dios y la Patria,Por la memoria de Néstor y por Cristina,En Contra,https://twitter.com/diputadasoraire/status/973647693670244352?s=19,,,,
"Soria, Maria Emilia",M,20/7/1985,32,Casada,Católica,62,fpv,Río Negro,10/12/2017,09/12/2021,FRENTE PARA LA VICTORIA - PJ,@MaEmiliaSoria,"Dios, la Patria y los Santos Evangelios",,A Favor,https://twitter.com/MaEmiliaSoria/status/973679896361947137,,,,
"Stefani, Hector Antonio",V,,,Casado,NO CONTESTA,94,cambiemos,Tierra del Fuego,10/12/2017,09/12/2021,PRO,@Titostefani,La Patria,,No confirmado,http://www.sur54.com/stefani_sobre_la_despenalizacion_del_aborto_no_tengo_postura_aun_confirmo_el_diputado,,,,
"Suarez Lastra, Facundo",V,24/2/1954,64,En pareja,Agnóstica,02,cambiemos,Ciudad Autónoma de Buenos Aires,10/12/2017,09/12/2021,UCR,@fsuarezlastra,la Constitución Nacional ,,A Favor,http://economiafeminita.com/feminindex/,,,,
"Taboada, Jorge",V,30/10/1962,55,Casado,Católica,26,pais,Chubut,10/12/2015,09/12/2019,CHUBUT SOMOS TODOS,@JJorgeotaboada,Dios y la Patria,"Por el general Perón, por la gloriosa CGT y la justicia social",En Contra,http://www.eldiariodemadryn.com/2018/03/los-chubutenses-menna-e-igon-apoyan-la-despenalizacion-del-aborto/,,,,
"Tailhade, Luis Rodolfo",V,18/8/1970,47,Casado,Cristiana,06,fpv,Buenos Aires,10/12/2015,09/12/2019,FRENTE PARA LA VICTORIA - PJ,@rodotailhade,"Dios, la Patria y los Santos Evangelios",,A Favor,http://www.letrap.com.ar/nota/2018-2-23-18-37-0--abortolegal-el-gobierno-juega-con-fuegos-artificiales-en-el-congreso,,,,
"Terada, Alicia",M,19/8/1952,65,Casada,Budista,22,cambiemos,Chaco,10/12/2017,09/12/2021,COALICION CIVICA,@TeradaAlicia,la Constitución Nacional ,,En Contra,http://www.diarionorte.com/article/68128/mas-diputados-chaquenos-expresan-desacuerdo-con-la-legalizacion-del-aborto-,,,,
"Tonelli, Pablo Gabriel",V,13/6/1954,63,Casado,Atea,02,cambiemos,Ciudad Autónoma de Buenos Aires,10/12/2015,09/12/2019,PRO,@PabloTonelli,La Patria,,En Contra,https://www.lanacion.com.ar/2111850-la-legalizacion-del-aborto-altero-al-congreso-pero-todavia-no-reune-mayoria,,,,
"Torello, Pablo",V,2/12/1959,58,Casado,Católica,06,cambiemos,Buenos Aires,10/12/2015,09/12/2019,PRO,@Pablo_Torello,"Dios, la Patria y los Santos Evangelios",,En Contra,"En el programa ""Mercado Sin Pulgas"" 15/3/18 se expresó en contra de la despenalización",,,,
"Tundis, Mirta",M,9/8/1956,61,Soltera,Católica,06,pais,Buenos Aires,10/12/2017,09/12/2021,FEDERAL UNIDOS POR UNA NUEVA ARGENTINA,@mirtatundis,"Dios, la Patria y los Santos Evangelios",,A Favor,http://www.letrap.com.ar/nota/2018-2-23-18-37-0--abortolegal-el-gobierno-juega-con-fuegos-artificiales-en-el-congreso,,,,
"Urroz, Paula Marcela",M,22/5/1955,63,Casada,Católica,06,cambiemos,Buenos Aires,10/12/2015,09/12/2019,PRO,@UrrozPaula,Dios y la Patria,,En Contra,http://www.aica.org/23872-nueva-puja-de-la-cultura-vida-muerte-en-el-congreso.html,,,,
"Vallejos, Fernanda",M,9/3/1979,39,En convivencia,Católica,06,fpv,Buenos Aires,10/12/2017,09/12/2021,FRENTE PARA LA VICTORIA - PJ,@fvallejoss,La Patria,,A Favor,https://www.laprimerapiedra.com.ar/2017/10/aborto-en-las-elecciones-legislativas-opinan-los-principales-candidatos/,,,,
"Vallone, Andres Alberto",V,21/12/1963,54,Casado,Católica,74,pj,San Luis,10/12/2015,09/12/2019,UNIDAD JUSTICIALISTA,@vallonejk,"Dios, la Patria y los Santos Evangelios",,En Contra,https://twitter.com/ValloneAndresSL/status/967431760928759809,,,,
"Vazquez, Juan Benedicto",V,20/10/1966,51,Soltero,Católica,78,fpv,Santa Cruz,10/12/2017,09/12/2021,FRENTE PARA LA VICTORIA - PJ,,"Dios, la Patria y los Santos Evangelios",,No confirmado,,,,,
"Vera Gonzalez, Orieta Cecilia",M,23/5/1967,51,Casada,Católica,10,cambiemos,Catamarca,10/12/2015,09/12/2019,COALICION CIVICA,@orietavera,"Dios, la Patria y los Santos Evangelios",,En Contra,https://twitter.com/orietavera/status/969652888611016706,,,,
"Vigo, Alejandra Maria",M,22/9/1957,60,Casada,Cristiana,14,pj,Córdoba,10/12/2017,09/12/2021,CORDOBA FEDERAL,@alevigo,"Dios, la Patria y los Santos Evangelios",,En Contra,http://m.lavoz.com.ar/politica/cuidar-la-vida-desde-la-concepcion,"En algunos actos de campaña deslizo su adhesión a la ley, aunque muy timidamente. La contaria como a favor.",,,
"Villa, Natalia Soledad",M,15/4/1979,39,Soltera,Católica,06,cambiemos,Buenos Aires,10/12/2017,09/12/2021,PRO,@dipnataliavilla,La Patria,,En Contra,https://twitter.com/natuvilla/status/965725070764199937,,,,
"Villalonga, Juan Carlos",V,5/6/1960,58,Divorciado,Agnóstica,02,cambiemos,Ciudad Autónoma de Buenos Aires,10/12/2015,09/12/2019,PRO,@Calivillalonga,la Constitución Nacional ,,A Favor,http://www.perfil.com/politica/el-aborto-se-metio-en-la-campana-y-altero-los-nervios-en-cambiemos-y-en-la-oposicion.phtml,,,,
"Villavicencio, Maria Teresita",M,17/6/1975,42,Casada,Católica,90,otros,Tucumán,10/12/2015,09/12/2019,EVOLUCION RADICAL,@teresita_ok,"Dios, la Patria y los Santos Evangelios","Por la memoria de Paulina Lebbos, “Ni una menos”",A Favor,http://www.ambito.com/913008-diputadas-opositoras-pediran-sesion-especial-para-tratar-proyecto-para-legalizar-el-aborto,,,,
"Volnovich, Luana",M,26/9/1979,38,Soltera,Atea,06,fpv,Buenos Aires,10/12/2015,09/12/2019,FRENTE PARA LA VICTORIA - PJ,@luanavolnovich,La Patria,Por Néstor y por Cristina Fernández de Kirchner siempre,A Favor,https://twitter.com/luanavolnovich/status/965601039083802624,,,,
"Wechsler, Marcelo German",V,30/12/1964,53,Casado,Judía,02,cambiemos,Ciudad Autónoma de Buenos Aires,10/12/2015,09/12/2019,PRO,@mgwechsler,Dios y la Patria,"Sobre el Tanaj, la Biblia hebrea",A Favor,http://www.parlamentario.com/noticia-107486.html,,,,
"Wellbach, Ricardo",V,,,No contesta,NO CONTESTA,54,otros,Misiones,10/12/2017,09/12/2021,FRENTE DE LA CONCORDIA MISIONERO,@RicardoWellbach,Dios y la Patria,,En Contra,https://www.facebook.com/notes/misiones-tierra-colorada/misiones-adhiri%C3%B3-a-la-ley-de-salud-sexual-responsable/144843289081/,,,,
"Wisky, Sergio Javier",V,15/2/1966,52,Divorciado,Católica,62,cambiemos,Río Negro,10/12/2015,09/12/2019,PRO,@sergiowisky,La Patria,,A Favor,http://www.parlamentario.com/noticia-107486.html,https://www.infobae.com/politica/2018/02/25/es-diputado-del-pro-medico-y-apoya-la-despenalizacion-del-aborto/,,,
"Wolff, Waldo Ezequiel",V,21/9/1968,49,Casado,Judía,06,cambiemos,Buenos Aires,10/12/2015,09/12/2019,PRO,@WolffWaldo,la Constitución Nacional ,,A Favor,https://twitter.com/WolffWaldo/status/971908671377682432?s=19,Lo dijo en el programa de feinman,,,
"Yasky, Hugo",V,10/10/1949,68,Divorciado,Atea,06,fpv,Buenos Aires,10/12/2017,09/12/2021,FRENTE PARA LA VICTORIA - PJ,@HugoYasky,La Patria,,A Favor,https://twitter.com/HugoYasky/status/965642156026318848,,,,
"Yedlin, Pablo Raul",V,,,No contesta,NO CONTESTA,90,pj,Tucumán,10/12/2017,09/12/2021,JUSTICIALISTA POR TUCUMAN,@pyedlin,Dios y la Patria,,A Favor,https://www.lagaceta.com.ar/nota/771983/actualidad/seis-nueve-diputados-tucumanos-le-dijeron-si-al-pedido-arzobispo-sanchez.html,,,,
"Zamarbide, Federico Raul",V,3/12/1982,35,En pareja,Católica,50,cambiemos,Mendoza,10/12/2017,09/12/2021,UCR,@FZamarbide,Dios y la Patria,,En Contra,https://losandes.com.ar/article/view?slug=la-mitad-de-los-diputados-mendocinos-dice-que-votara-en-contra-del-aborto-legal,,,,
"Zamora, Claudia",M,14/9/1974,43,Casada,Católica,86,otros,Santiago del Estero,10/12/2017,09/12/2021,FRENTE CIVICO POR SANTIAGO,,"Dios, la Patria y los Santos Evangelios",,En Contra,"esta fuente es muy border para jugársela por un ""no"", no?  Igual se sabe cómo votaría, ja http://www.po.org.ar/prensaObrera/1375/mujer/santiago-del-estero-otra-mujer-muerta-por-aborto-clandestino.",,,,
"Ziliotto, Sergio Raul",V,24/9/1962,55,Casado,NO CONTESTA,42,pj,La Pampa,10/12/2015,09/12/2019,JUSTICIALISTA,@ZiliottoSergio,Dios y la Patria,,No confirmado,http://www.eldiariodelapampa.com.ar/index.php/111-portada/principal/40565-el-aborto-interpela-a-legisladores-y-agita-las-redes-sociales,,,,
"Zottos, Andres",V,30/11/1961,56,Casado,Cristiana,66,pj,Salta,10/12/2017,09/12/2021,JUSTICIALISTA,@andreszottos,Dios y la Patria,,En Contra,https://www.eltribuno.com/salta/nota/2018-2-24-1-30-15-casi-todos-los-diputados-saltenos-contra-la-despenalizacion-del-aborto,,,,